,name,code,market_code
0,DSR,155660,KS
1,GS글로벌,001250,KS
2,HDC현대산업개발,294870,KS
3,KG케미칼,001390,KS
4,LG이노텍,011070,KS
5,LG전자,066570,KS
6,LG헬로비전,037560,KS
7,OCI,010060,KS
8,S&TC,100840,KS
9,S&T모티브,064960,KS
10,SK이노베이션,096770,KS
11,STX,011810,KS
12,WISCOM,024070,KS
13,YG PLUS,037270,KS
14,갤럭시아에스엠,011420,KS
15,고려아연,010130,KS
16,극동유화,014530,KS
17,까뮤이앤씨,013700,KS
18,대덕,008060,KS
19,대덕전자,353200,KS
20,대영포장,014160,KS
21,대한유화,006650,KS
22,동아쏘시오홀딩스,000640,KS
23,두산,000150,KS
24,두산밥캣,241560,KS
25,락앤락,115390,KS
26,롯데정보통신,286940,KS
27,마니커,027740,KS
28,만도,204320,KS
29,메리츠증권,008560,KS
30,모두투어리츠,204210,KS
31,부국증권,001270,KS
32,삼성SDI,006400,KS
33,삼성엔지니어링,028050,KS
34,삼성중공업,010140,KS
35,삼성출판사,068290,KS
36,삼성화재해상보험,000810,KS
37,삼양식품,003230,KS
38,삼양홀딩스,000070,KS
39,삼영전자공업,005680,KS
40,삼영화학공업,003720,KS
41,상상인증권,001290,KS
42,선도전기,007610,KS
43,선진,136490,KS
44,세방전지,004490,KS
45,세원셀론텍,091090,KS
46,신한알파리츠,293940,KS
47,신한지주,055550,KS
48,쌍용자동차,003620,KS
49,아시아나항공,020560,KS
50,에넥스,011090,KS
51,영화금속,012280,KS
52,윌비스,008600,KS
53,유나이티드,033270,KS
54,인지컨트롤스,023800,KS
55,인터지스,129260,KS
56,일성건설,013360,KS
57,일진다이아,081000,KS
58,제일약품,271980,KS
59,제일연마,001560,KS
60,제일파마홀딩스,002620,KS
61,조흥,002600,KS
62,지역난방공사,071320,KS
63,진도,088790,KS
64,코오롱인더,120110,KS
65,키다리스튜디오,020120,KS
66,태경산업,015890,KS
67,태양금속공업,004100,KS
68,포스코강판,058430,KS
69,필룩스,033180,KS
70,한국공항,005430,KS
71,한국종합기술,023350,KS
72,한국패러랠,168490,KS
73,한라홀딩스,060980,KS
74,한미약품,128940,KS
75,한솔로지스틱스,009180,KS
76,한일철강,002220,KS
77,한일현대시멘트,006390,KS
78,한창제지,009460,KS
79,한화생명,088350,KS
80,한화시스템,272210,KS
81,현대건설,000720,KS
82,현대건설기계,267270,KS
83,현대모비스,012330,KS
84,현대비앤지스틸,004560,KS
85,현대엘리베이터,017800,KS
86,현대차증권,001500,KS
87,현대홈쇼핑,057050,KS
88,호전실업,111110,KS
89,CJ CGV,079160,KS
90,HDC현대EP,089470,KS
91,JW홀딩스,096760,KS
92,KB금융,105560,KS
93,SG충방,001380,KS
94,금강공업,014280,KS
95,금호산업,002990,KS
96,금호전기,001210,KS
97,기업은행,024110,KS
98,남선알미늄,008350,KS
99,남성,004270,KS
100,넷마블,251270,KS
101,대구백화점,006370,KS
102,대우건설,047040,KS
103,대원제약,003220,KS
104,대한방직,001070,KS
105,대한제당,001790,KS
106,대한해운,005880,KS
107,덕양산업,024900,KS
108,동원금속,018500,KS
109,두산인프라코어,042670,KS
110,디씨엠,024090,KS
111,디티알오토모티브,007340,KS
112,롯데손해보험,000400,KS
113,롯데제과,280360,KS
114,롯데칠성음료,005300,KS
115,롯데케미칼,011170,KS
116,롯데하이마트,071840,KS
117,미래에셋생명,085620,KS
118,미원홀딩스,107590,KS
119,백산,035150,KS
120,보락,002760,KS
121,사조대림,003960,KS
122,사조동아원,008040,KS
123,서원,021050,KS
124,세방,004360,KS
125,세아홀딩스,058650,KS
126,세이브존I&C,067830,KS
127,신송홀딩스,006880,KS
128,신일전자,002700,KS
129,써니전자,004770,KS
130,아이마켓코리아,122900,KS
131,아이에이치큐,003560,KS
132,에이블씨엔씨,078520,KS
133,엔씨소프트,036570,KS
134,영보화학,014440,KS
135,영진약품,003520,KS
136,영풍,000670,KS
137,예스코홀딩스,015360,KS
138,유니온머티리얼,047400,KS
139,유유제약,000220,KS
140,유한양행,000100,KS
141,이마트,139480,KS
142,이수화학,005950,KS
143,이스타코,015020,KS
144,인천도시가스,034590,KS
145,일정실업,008500,KS
146,종근당홀딩스,001630,KS
147,지엠비코리아,013870,KS
148,진원생명과학,011000,KS
149,컨버즈,109070,KS
150,케이씨텍,281820,KS
151,코리아써키트,007810,KS
152,코스모화학,005420,KS
153,코아스,071950,KS
154,코오롱플라스틱,138490,KS
155,쿠쿠홀딩스,192400,KS
156,큐로,015590,KS
157,티비에이치글로벌,084870,KS
158,하이트론씨스템즈,019490,KS
159,한국금융지주,071050,KS
160,한국전자홀딩스,006200,KS
161,한국타이어앤테크놀로지,161390,KS
162,한국토지신탁,034830,KS
163,한국특수형강,007280,KS
164,한화솔루션,009830,KS
165,해태제과식품,101530,KS
166,현대에너지솔루션,322000,KS
167,현대위아,011210,KS
168,현대코퍼레이션홀딩스,227840,KS
169,호텔신라,008770,KS
170,화승인더스트리,006060,KS
171,화천기공,000850,KS
172,환인제약,016580,KS
173,효성,004800,KS
174,효성화학,298000,KS
175,흥아해운,003280,KS
176,BGF리테일,282330,KS
177,BNK금융지주,138930,KS
178,CJ제일제당,097950,KS
179,DRB동일,004840,KS
180,GS건설,006360,KS
181,HDC아이콘트롤스,039570,KS
182,KPX케미칼,025000,KS
183,KTis,058860,KS
184,LG상사,001120,KS
185,MH에탄올,023150,KS
186,SBS,034120,KS
187,SBS미디어홀딩스,101060,KS
188,SK텔레콤,017670,KS
189,강원랜드,035250,KS
190,교보증권,030610,KS
191,국제약품,002720,KS
192,금양,001570,KS
193,남해화학,025860,KS
194,넥센타이어,002350,KS
195,녹십자홀딩스,005250,KS
196,농심홀딩스,072710,KS
197,다스코,058730,KS
198,대림건설,001880,KS
199,대웅제약,069620,KS
200,더존비즈온,012510,KS
201,동방아그로,007590,KS
202,동서,026960,KS
203,동성코퍼레이션,102260,KS
204,동양,001520,KS
205,동양생명,082640,KS
206,동원산업,006040,KS
207,두산퓨얼셀,336260,KS
208,디아이,003160,KS
209,디와이,013570,KS
210,디피씨,026890,KS
211,롯데정밀화학,004000,KS
212,맥쿼리인프라,088980,KS
213,메타랩스,090370,KS
214,명문제약,017180,KS
215,모토닉,009680,KS
216,미래에셋맵스리츠,357250,KS
217,미원화학,134380,KS
218,범양건영,002410,KS
219,베트남개발1,096300,KS
220,빙그레,005180,KS
221,삼성에스디에스,018260,KS
222,삼성증권,016360,KS
223,삼성카드,029780,KS
224,삼양통상,002170,KS
225,삼영무역,002810,KS
226,삼정펄프,009770,KS
227,샘표식품,248170,KS
228,서연이화,200880,KS
229,성보화학,003080,KS
230,세아제강,306200,KS
231,센트랄모텍,308170,KS
232,송원산업,004430,KS
233,신성이엔지,011930,KS
234,신세계인터내셔날,031430,KS
235,신세계푸드,031440,KS
236,신화실업,001770,KS
237,씨아이테크,004920,KS
238,아세아시멘트,183190,KS
239,애경산업,018250,KS
240,에이플러스에셋,244920,KS
241,엔에이치엔,181710,KS
242,유니켐,011330,KS
243,유화증권,003460,KS
244,이구산업,025820,KS
245,이월드,084680,KS
246,일성신약,003120,KS
247,제이에스코퍼레이션,194370,KS
248,제이준코스메틱,025620,KS
249,조비,001550,KS
250,조선선재,120030,KS
251,종근당바이오,063160,KS
252,진양화학,051630,KS
253,케이탑리츠,145270,KS
254,코람코에너지리츠,357120,KS
255,코스모신소재,005070,KS
256,코웨이,021240,KS
257,쿠쿠홈시스,284740,KS
258,키위미디어그룹,012170,KS
259,태평양물산,007980,KS
260,테이팩스,055490,KS
261,텔코웨어,078000,KS
262,티와이홀딩스,363280,KS
263,팜스코,036580,KS
264,퍼시스,016800,KS
265,포스코케미칼,003670,KS
266,풍산홀딩스,005810,KS
267,하이스틸,071090,KS
268,하이트진로,000080,KS
269,한국석유공업,004090,KS
270,한국수출포장공업,002200,KS
271,한국자산신탁,123890,KS
272,한국주강,025890,KS
273,한국콜마홀딩스,024720,KS
274,한국테크놀로지그룹,000240,KS
275,한미사이언스,008930,KS
276,한샘,009240,KS
277,한솔홀딩스,004150,KS
278,한신기계공업,011700,KS
279,한화,000880,KS
280,한화에어로스페이스,012450,KS
281,현대자동차,005380,KS
282,현대퓨처넷,126560,KS
283,효성 ITX,094280,KS
284,휴니드테크놀러지스,005870,KS
285,CJ대한통운,000120,KS
286,DSR제강,069730,KS
287,GKL,114090,KS
288,JW중외제약,001060,KS
289,KPX홀딩스,092230,KS
290,KSS해운,044450,KS
291,LF,093050,KS
292,LG하우시스,108670,KS
293,LG화학,051910,KS
294,LIG넥스원,079550,KS
295,LS,006260,KS
296,NAVER,035420,KS
297,NICE,034310,KS
298,NI스틸,008260,KS
299,SGC에너지,005090,KS
300,SH에너지화학,002360,KS
301,SK증권,001510,KS
302,SK하이닉스,000660,KS
303,경인양행,012610,KS
304,경인전자,009140,KS
305,국보,001140,KS
306,기신정기,092440,KS
307,녹십자,006280,KS
308,대교,019680,KS
309,대동전자,008110,KS
310,대림비앤코,005750,KS
311,대양금속,009190,KS
312,대창,012800,KS
313,동국제강,001230,KS
314,동양물산기업,002900,KS
315,동화약품,000020,KS
316,두산솔루스,336370,KS
317,두산중공업,034020,KS
318,디아이동일,001530,KS
319,디아이씨,092200,KS
320,롯데관광개발,032350,KS
321,맵스리얼티1,094800,KS
322,무학,033920,KS
323,미래아이앤지,007120,KS
324,바다로19호,155900,KS
325,부산주공,005030,KS
326,빅히트,352820,KS
327,사조씨푸드,014710,KS
328,삼성물산,028260,KS
329,삼성바이오로직스,207940,KS
330,삼성전자,005930,KS
331,삼성제약,001360,KS
332,삼원강재,023000,KS
333,삼익THK,004380,KS
334,삼일제약,000520,KS
335,삼진제약,005500,KS
336,삼화왕관,004450,KS
337,서연,007860,KS
338,선창산업,002820,KS
339,성신양회,004980,KS
340,세기상사,002420,KS
341,세아특수강,019440,KS
342,세우글로벌,013000,KS
343,세원정공,021820,KS
344,세진중공업,075580,KS
345,세화아이엠씨,145210,KS
346,셀트리온,068270,KS
347,신라교역,004970,KS
348,신성통상,005390,KS
349,신세계,004170,KS
350,아모레퍼시픽,090430,KS
351,아세아,002030,KS
352,아이에스동서,010780,KS
353,에스제이엠,123700,KS
354,에이리츠,140910,KS
355,에이엔피,015260,KS
356,엔에스쇼핑,138250,KS
357,엔케이,085310,KS
358,엔피씨,004250,KS
359,영원무역,111770,KS
360,영원무역홀딩스,009970,KS
361,우리들휴브레인,118000,KS
362,우신시스템,017370,KS
363,우진,105840,KS
364,우진플라임,049800,KS
365,유니드,014830,KS
366,유진증권,001200,KS
367,이건산업,008250,KS
368,이노션,214320,KS
369,이연제약,102460,KS
370,인스코비,006490,KS
371,잇츠한불,226320,KS
372,조광페인트,004910,KS
373,조선내화,000480,KS
374,지누스,013890,KS
375,진에어,272450,KS
376,참엔지니어링,009310,KS
377,케이씨씨글라스,344820,KS
378,코리아오토글라스,152330,KS
379,코오롱글로벌,003070,KS
380,키움증권,039490,KS
381,토니모리,214420,KS
382,페이퍼코리아,001020,KS
383,포스코,005490,KS
384,폴루스바이오팜,007630,KS
385,하나제약,293480,KS
386,한국쉘석유,002960,KS
387,한국철강,104700,KS
388,한국화장품제조,003350,KS
389,한미글로벌,053690,KS
390,한솔피엔에스,010420,KS
391,한양증권,001750,KS
392,한진중공업,097230,KS
393,한진중공업홀딩스,003480,KS
394,현대일렉트릭,267260,KS
395,현대제철,004020,KS
396,황금에스티,032560,KS
397,AJ네트웍스,095570,KS
398,AK홀딩스,006840,KS
399,CJ,001040,KS
400,CJ씨푸드,011150,KS
401,DB금융투자,016610,KS
402,DGB금융지주,139130,KS
403,E1,017940,KS
404,F&F,007700,KS
405,KC코트렐,119650,KS
406,KEC,092220,KS
407,KISCO홀딩스,001940,KS
408,LG,003550,KS
409,LG디스플레이,034220,KS
410,LS전선아시아,229640,KS
411,NH프라임리츠,338100,KS
412,S&T중공업,003570,KS
413,S&T홀딩스,036530,KS
414,S-Oil,010950,KS
415,SK네트웍스,001740,KS
416,SK케미칼,285130,KS
417,경동인베스트,012320,KS
418,계룡건설산업,013580,KS
419,국동,005320,KS
420,남양유업,003920,KS
421,노루페인트,090350,KS
422,대상,001680,KS
423,대성홀딩스,016710,KS
424,대한제강,084010,KS
425,대호에이엘,069460,KS
426,덕성,004830,KS
427,덴티움,145720,KS
428,동원F&B,049770,KS
429,만호제강,001080,KS
430,모나미,005360,KS
431,문배철강,008420,KS
432,미창석유공업,003650,KS
433,백광산업,001340,KS
434,벽산,007210,KS
435,부국철강,026940,KS
436,부산도시가스,015350,KS
437,비비안,002070,KS
438,비상교육,100220,KS
439,사조산업,007160,KS
440,삼부토건,001470,KS
441,삼성공조,006660,KS
442,삼성생명,032830,KS
443,삼성전기,009150,KS
444,삼양사,145990,KS
445,삼양패키징,272550,KS
446,삼일씨엔에스,004440,KS
447,삼화전기,009470,KS
448,샘표,007540,KS
449,서흥,008490,KS
450,세하,027970,KS
451,수산중공업,017550,KS
452,신세계I&C,035510,KS
453,신세계건설,034300,KS
454,신영와코루,005800,KS
455,신영증권,001720,KS
456,신원,009270,KS
457,아주캐피탈,033660,KS
458,에스엘,005850,KS
459,에이프로젠 KIC,007460,KS
460,엘브이엠씨,900140,KS
461,엘에스일렉트릭,010120,KS
462,오리온,271560,KS
463,우리금융지주,316140,KS
464,우성사료,006980,KS
465,웰바이오텍,010600,KS
466,유니온,000910,KS
467,유안타증권,003470,KS
468,일진전기,103590,KS
469,조광피혁,004700,KS
470,조일알미늄,018470,KS
471,진흥기업,002780,KS
472,카카오,035720,KS
473,케이씨티시,009070,KS
474,케이티,030200,KS
475,코리안리,003690,KS
476,코스맥스비티아이,044820,KS
477,코오롱머티리얼,144620,KS
478,크라운제과,264900,KS
479,크라운해태홀딩스,005740,KS
480,태림포장,011280,KS
481,태원물산,001420,KS
482,티에이치엔,019180,KS
483,팬오션,028670,KS
484,평화산업,090080,KS
485,하나투어,039130,KS
486,하이골드12호,172580,KS
487,한국프랜지공업,010100,KS
488,한독,002390,KS
489,한세엠케이,069640,KS
490,한솔제지,213500,KS
491,한솔케미칼,014680,KS
492,한솔테크닉스,004710,KS
493,한온시스템,018880,KS
494,한진,002320,KS
495,해성디에스,195870,KS
496,현대리바트,079430,KS
497,현대백화점,069960,KS
498,형지엘리트,093240,KS
499,혜인,003010,KS
500,화성산업,002460,KS
501,휴비스,079980,KS
502,CS홀딩스,000590,KS
503,DB,012030,KS
504,GS리테일,007070,KS
505,HDC,012630,KS
506,JW생명과학,234080,KS
507,KC그린홀딩스,009440,KS
508,KR모터스,000040,KS
509,LG유플러스,032640,KS
510,SPC삼립,005610,KS
511,경농,002100,KS
512,경동도시가스,267290,KS
513,경방,000050,KS
514,고려제강,002240,KS
515,광동제약,009290,KS
516,광주신세계,037710,KS
517,국도화학,007690,KS
518,금비,008870,KS
519,금호타이어,073240,KS
520,대림산업,000210,KS
521,대림통상,006570,KS
522,대신증권,003540,KS
523,대웅,003090,KS
524,대원강업,000430,KS
525,대원전선,006340,KS
526,대원화성,024890,KS
527,대유에이텍,002880,KS
528,더블유게임즈,192080,KS
529,동부건설,005960,KS
530,동성제약,002210,KS
531,동양고속,084670,KS
532,동양철관,008970,KS
533,동원수산,030720,KS
534,롯데쇼핑,023530,KS
535,메리츠화재,000060,KS
536,미원에스씨,268280,KS
537,부광약품,003000,KS
538,부산산업,011390,KS
539,비티원,101140,KS
540,삼익악기,002450,KS
541,삼천리,004690,KS
542,서울식품공업,004410,KS
543,성창기업지주,000180,KS
544,세종공업,033530,KS
545,센트럴인사이트,012600,KS
546,시디즈,134790,KS
547,신도리코,029530,KS
548,아모레퍼시픽그룹,002790,KS
549,아시아나IDT,267850,KS
550,알루코,001780,KS
551,에스제이엠홀딩스,025530,KS
552,오뚜기,007310,KS
553,유성기업,002920,KS
554,유양디앤유,011690,KS
555,이리츠코크렙,088260,KS
556,이수페타시스,007660,KS
557,이아이디,093230,KS
558,인디에프,014990,KS
559,일동홀딩스,000230,KS
560,일진홀딩스,015860,KS
561,자이에스앤디,317400,KS
562,자화전자,033240,KS
563,전방,000950,KS
564,제이알글로벌리츠,348950,KS
565,제이콘텐트리,036420,KS
566,제일기획,030000,KS
567,지투알,035000,KS
568,진양폴리우레탄,010640,KS
569,케이씨씨,002380,KS
570,코스맥스,192820,KS
571,콤텍시스템,031820,KS
572,태경비케이,014580,KS
573,티웨이항공,091810,KS
574,퍼스텍,010820,KS
575,포스코인터내셔널,047050,KS
576,하이골드3호,153360,KS
577,한국ANKOR유전,152550,KS
578,한국내화,010040,KS
579,한국주철관공업,000970,KS
580,한국콜마,161890,KS
581,한국화장품,123690,KS
582,한라,014790,KS
583,한미반도체,042700,KS
584,한섬,020000,KS
585,한세실업,105630,KS
586,한솔홈데코,025750,KS
587,한올바이오파마,009420,KS
588,한전산업,130660,KS
589,한화손해보험,000370,KS
590,핸즈코퍼레이션,143210,KS
591,현대오토에버,307950,KS
592,화승엔터프라이즈,241590,KS
593,화인베스틸,133820,KS
594,화천기계,010660,KS
595,효성첨단소재,298050,KS
596,후성,093370,KS
597,휠라홀딩스,081660,KS
598,휴스틸,005010,KS
599,BGF,027410,KS
600,DB하이텍,000990,KS
601,HSD엔진,082740,KS
602,KG동부제철,016380,KS
603,KTB투자증권,030210,KS
604,KTcs,058850,KS
605,LG생활건강,051900,KS
606,SG세계물산,004060,KS
607,SIMPAC,009160,KS
608,SKC,011790,KS
609,SK가스,018670,KS
610,SK디앤디,210980,KS
611,SK렌터카,068400,KS
612,STX엔진,077970,KS
613,STX중공업,071970,KS
614,TCC스틸,002710,KS
615,가온전선,000500,KS
616,경보제약,214390,KS
617,계양전기,012200,KS
618,고려산업,002140,KS
619,광전자,017900,KS
620,기아자동차,000270,KS
621,넥센,005720,KS
622,넥스트사이언스,003580,KS
623,농심,004370,KS
624,다우기술,023590,KS
625,대성산업,128820,KS
626,대유플러스,000300,KS
627,대한전선,001440,KS
628,대한제분,001130,KS
629,대한항공,003490,KS
630,대한화섬,003830,KS
631,동남합성,023450,KS
632,동방,004140,KS
633,동아타이어,282690,KS
634,동양피스톤,092780,KS
635,동원시스템즈,014820,KS
636,디와이파워,210540,KS
637,롯데리츠,330590,KS
638,메리츠금융지주,138040,KS
639,무림P&P,009580,KS
640,미원상사,002840,KS
641,방림,003610,KS
642,보령제약,003850,KS
643,사조오양,006090,KS
644,삼아알미늄,006110,KS
645,삼호개발,010960,KS
646,삼화전자공업,011230,KS
647,삼화페인트공업,000390,KS
648,새론오토모티브,075180,KS
649,성문전자,014910,KS
650,세아베스틸,001430,KS
651,세아제강지주,003030,KS
652,신풍제약,019170,KS
653,쌍방울,102280,KS
654,쌍용양회공업,003410,KS
655,씨에스윈드,112610,KS
656,아남전자,008700,KS
657,아세아제지,002310,KS
658,애경유화,161000,KS
659,에쓰씨엔지니어링,023960,KS
660,에어부산,298690,KS
661,엔케이물산,009810,KS
662,영흥,012160,KS
663,오리엔트바이오,002630,KS
664,오리온홀딩스,001800,KS
665,용평리조트,070960,KS
666,웅진,016880,KS
667,원림,005820,KS
668,유니퀘스트,077500,KS
669,이엔플러스,074610,KS
670,이지스밸류플러스리츠,334890,KS
671,일동제약,249420,KS
672,일신석재,007110,KS
673,일양약품,007570,KS
674,주연테크,044380,KS
675,지코,010580,KS
676,진양산업,003780,KS
677,케이비아이동국실업,001620,KS
678,케이씨,029460,KS
679,케이티스카이라이프,053210,KS
680,코오롱,002020,KS
681,티웨이홀딩스,004870,KS
682,파미셀,005690,KS
683,평화홀딩스,010770,KS
684,풀무원,017810,KS
685,하이트진로홀딩스,000140,KS
686,한국단자공업,025540,KS
687,한국조선해양,009540,KS
688,한국카본,017960,KS
689,한농화성,011500,KS
690,한신공영,004960,KS
691,한익스프레스,014130,KS
692,한전기술,052690,KS
693,한화투자증권,003530,KS
694,현대글로비스,086280,KS
695,현대중공업지주,267250,KS
696,현대해상,001450,KS
697,화승알앤에이,013520,KS
698,효성중공업,298040,KS
699,효성티앤씨,298020,KS
700,BYC,001460,KS
701,DB손해보험,005830,KS
702,GS,078930,KS
703,HMM,011200,KS
704,JB금융지주,175330,KS
705,LS네트웍스,000680,KS
706,NH투자증권,005940,KS
707,SK,034730,KS
708,SK디스커버리,006120,KS
709,강남제비스코,000860,KS
710,경동나비엔,009450,KS
711,광명전기,017040,KS
712,교촌에프앤비,339770,KS
713,그린케미칼,083420,KS
714,금호석유화학,011780,KS
715,금호에이치티,214330,KS
716,깨끗한나라,004540,KS
717,남광토건,001260,KS
718,노루홀딩스,000320,KS
719,대동공업,000490,KS
720,대상홀딩스,084690,KS
721,대성에너지,117580,KS
722,대우부품,009320,KS
723,대우조선해양,042660,KS
724,대창단조,015230,KS
725,대현,016090,KS
726,도화엔지니어링,002150,KS
727,동성화학,005190,KS
728,동아에스티,170900,KS
729,동아지질,028100,KS
730,동일고무벨트,163560,KS
731,동일산업,004890,KS
732,동일제강,002690,KS
733,두올,016740,KS
734,드림텍,192650,KS
735,롯데지주,004990,KS
736,롯데푸드,002270,KS
737,모나리자,012690,KS
738,무림페이퍼,009200,KS
739,미래산업,025560,KS
740,미래에셋대우,006800,KS
741,보해양조,000890,KS
742,비케이탑스,030790,KS
743,삼화콘덴서공업,001820,KS
744,상신브레이크,041650,KS
745,서울도시가스,017390,KS
746,성안,011300,KS
747,신대양제지,016590,KS
748,신풍제지,002870,KS
749,신흥,004080,KS
750,쎌마테라퓨틱스,015540,KS
751,에스원,012750,KS
752,에스케이바이오팜,326030,KS
753,에이프로젠제약,003060,KS
754,영풍제지,006740,KS
755,우리들제약,004720,KS
756,우리종금,010050,KS
757,우진아이엔에스,010400,KS
758,웅진씽크빅,095720,KS
759,유수홀딩스,000700,KS
760,유엔젤,072130,KS
761,율촌화학,008730,KS
762,이지스레지던스리츠,350520,KS
763,이화산업,000760,KS
764,인팩,023810,KS
765,일신방직,003200,KS
766,일진디스플,020760,KS
767,일진머티리얼즈,020150,KS
768,제주은행,006220,KS
769,제주항공,089590,KS
770,종근당,185750,KS
771,진양홀딩스,100250,KS
772,천일고속,000650,KS
773,체시스,033250,KS
774,카프로,006380,KS
775,케이티앤지,033780,KS
776,태경케미컬,006890,KS
777,태광산업,003240,KS
778,태영건설,009410,KS
779,풍산,103140,KS
780,하나금융지주,086790,KS
781,한국가스공사,036460,KS
782,한국전력공사,015760,KS
783,한국항공우주,047810,KS
784,한성기업,003680,KS
785,한세예스24홀딩스,016450,KS
786,한일시멘트,300720,KS
787,한일홀딩스,003300,KS
788,한전KPS,051600,KS
789,한진칼,180640,KS
790,한창,005110,KS
791,현대그린푸드,005440,KS
792,현대로템,064350,KS
793,현대미포조선,010620,KS
794,현대약품,004310,KS
795,현대종합상사,011760,KS
796,화신,010690,KS
797,휴켐스,069260,KS
798,흥국화재,000540,KS
799,CJ프레시웨이,051500,KQ
800,EDGC,245620,KQ
801,GST,083450,KQ
802,GS홈쇼핑,028150,KQ
803,IBKS제13호스팩,351340,KQ
804,ITX-AI,099520,KQ
805,JW신약,067290,KQ
806,KB오토시스,024120,KQ
807,KH바텍,060720,KQ
808,KPX생명과학,114450,KQ
809,SK5호스팩,337450,KQ
810,SK6호스팩,340350,KQ
811,TJ미디어,032540,KQ
812,YW,051390,KQ
813,경창산업,024910,KQ
814,고려시멘트,198440,KQ
815,골프존,215000,KQ
816,교보8호스팩,307280,KQ
817,국순당,043650,KQ
818,그리티,204020,KQ
819,나노브릭,286750,KQ
820,나스미디어,089600,KQ
821,네오티스,085910,KQ
822,네이처셀,007390,KQ
823,녹십자셀,031390,KQ
824,뉴인텍,012340,KQ
825,뉴프렉스,085670,KQ
826,대봉엘에스,078140,KQ
827,대유,290380,KQ
828,대유에이피,290120,KQ
829,대주산업,003310,KQ
830,대한약품,023910,KQ
831,동구바이오제약,006620,KQ
832,동방선기,099410,KQ
833,디에이테크놀로지,196490,KQ
834,디에이피,066900,KQ
835,디엔에이링크,127120,KQ
836,디엔에프,092070,KQ
837,디오,039840,KQ
838,디오스텍,196450,KQ
839,디지탈옵틱,106520,KQ
840,디지틀조선,033130,KQ
841,룽투코리아,060240,KQ
842,링크제니시스,219420,KQ
843,메디톡스,086900,KQ
844,메이슨캐피탈,021880,KQ
845,메탈라이프,327260,KQ
846,모비스,250060,KQ
847,모트렉스,118990,KQ
848,미래SCI,028040,KQ
849,미스터블루,207760,KQ
850,미코바이오메드,214610,KQ
851,바디텍메드,206640,KQ
852,바이넥스,053030,KQ
853,브랜드엑스코퍼레이션,337930,KQ
854,삼보판지,023600,KQ
855,삼본전자,111870,KQ
856,삼아제약,009300,KQ
857,상지카일룸,042940,KQ
858,서암기계공업,100660,KQ
859,성창오토텍,080470,KQ
860,세보엠이씨,011560,KQ
861,세종메디칼,258830,KQ
862,세코닉스,053450,KQ
863,셀루메드,049180,KQ
864,셀바스헬스케어,208370,KQ
865,셀트리온제약,068760,KQ
866,스튜디오산타클로스,204630,KQ
867,스페코,013810,KQ
868,승일,049830,KQ
869,시스웍,269620,KQ
870,심텍,222800,KQ
871,쌍용정보통신,010280,KQ
872,씨유메디칼,115480,KQ
873,아나패스,123860,KQ
874,아바텍,149950,KQ
875,아이센스,099190,KQ
876,아이씨디,040910,KQ
877,아이씨케이,068940,KQ
878,아이오케이,078860,KQ
879,아이원스,114810,KQ
880,아이즈비전,031310,KQ
881,아이티센,124500,KQ
882,알리코제약,260660,KQ
883,알에프세미,096610,KQ
884,알에프텍,061040,KQ
885,애니플러스,310200,KQ
886,에스아이리소스,065420,KQ
887,에스에너지,095910,KQ
888,에스코넥,096630,KQ
889,에쎈테크,043340,KQ
890,에이루트,096690,KQ
891,에이티넘인베스트,021080,KQ
892,엑세스바이오,950130,KQ
893,엑스큐어,070300,KQ
894,엑시콘,092870,KQ
895,엔투텍,227950,KQ
896,엔피케이,048830,KQ
897,엠게임,058630,KQ
898,엠벤처투자,019590,KQ
899,엠씨넥스,097520,KQ
900,영화테크,265560,KQ
901,오공,045060,KQ
902,오스템임플란트,048260,KQ
903,오픈베이스,049480,KQ
904,옵티시스,109080,KQ
905,와이지-원,019210,KQ
906,우리바이오,082850,KQ
907,원익QnC,074600,KQ
908,원익큐브,014190,KQ
909,원풍물산,008290,KQ
910,웨이브일렉트로,095270,KQ
911,웰크론,065950,KQ
912,유니온커뮤니티,203450,KQ
913,유니테크노,241690,KQ
914,유비쿼스홀딩스,078070,KQ
915,유신,054930,KQ
916,유안타제5호스팩,336060,KQ
917,유진스팩5호,331380,KQ
918,유테크,178780,KQ
919,유티아이,179900,KQ
920,이스트소프트,047560,KQ
921,이스트아시아홀딩스,900110,KQ
922,이엠넷,123570,KQ
923,이지바이오,353810,KQ
924,이지웰,090850,KQ
925,이퓨쳐,134060,KQ
926,인베니아,079950,KQ
927,인텍플러스,064290,KQ
928,자비스,254120,KQ
929,자이글,234920,KQ
930,장원테크,174880,KQ
931,정상제이엘에스,040420,KQ
932,제우스,079370,KQ
933,제이엠티,094970,KQ
934,제이웨이,058420,KQ
935,제일제강,023440,KQ
936,제주반도체,080220,KQ
937,젬백스,082270,KQ
938,조아제약,034940,KQ
939,주성엔지니어링,036930,KQ
940,지엔씨에너지,119850,KQ
941,지엔코,065060,KQ
942,캐스텍코리아,071850,KQ
943,케이비제20호스팩,342550,KQ
944,케이피엠테크,042040,KQ
945,케이피티유,054410,KQ
946,켄코아에어로스페이스,274090,KQ
947,코렌,078650,KQ
948,코윈테크,282880,KQ
949,코프라,126600,KQ
950,키네마스터,139670,KQ
951,토탈소프트,045340,KQ
952,투비소프트,079970,KQ
953,트루윈,105550,KQ
954,특수건설,026150,KQ
955,티앤알바이오팹,246710,KQ
956,티에스이,131290,KQ
957,파세코,037070,KQ
958,파커스,065690,KQ
959,패션플랫폼,225590,KQ
960,푸드웰,005670,KQ
961,프로스테믹스,203690,KQ
962,피델릭스,032580,KQ
963,피에스엠씨,024850,KQ
964,하나금융15호스팩,341160,KQ
965,하이즈항공,221840,KQ
966,한국맥널티,222980,KQ
967,한국코퍼레이션,050540,KQ
968,한양디지텍,078350,KQ
969,한일진공,123840,KQ
970,한일화학,007770,KQ
971,해덕파워웨이,102210,KQ
972,현대바이오,048410,KQ
973,화성밸브,039610,KQ
974,휴맥스,115160,KQ
975,휴온스글로벌,084110,KQ
976,APS홀딩스,054620,KQ
977,CJ ENM,035760,KQ
978,CMG제약,058820,KQ
979,CS,065770,KQ
980,CSA 코스믹,083660,KQ
981,EG,037370,KQ
982,GV,045890,KQ
983,HRS,036640,KQ
984,NICE평가정보,030190,KQ
985,PN풍년,024940,KQ
986,SCI평가정보,036120,KQ
987,SM C&C,048550,KQ
988,THE E&M,089230,KQ
989,UCI,038340,KQ
990,감마누,192410,KQ
991,강스템바이오텍,217730,KQ
992,게임빌,063080,KQ
993,경남바이오파마,044480,KQ
994,경남제약헬스케어,223310,KQ
995,고영,098460,KQ
996,광림,014200,KQ
997,국영지앤엠,006050,KQ
998,나노엔텍,039860,KQ
999,나이벡,138610,KQ
1000,남화토건,091590,KQ
1001,네오팜,092730,KQ
1002,넥스턴,089140,KQ
1003,넵튠,217270,KQ
1004,노바렉스,194700,KQ
1005,녹원씨엔아이,065560,KQ
1006,누리텔레콤,040160,KQ
1007,뉴파워프라즈마,144960,KQ
1008,대성파인텍,104040,KQ
1009,대아티아이,045390,KQ
1010,대주전자재료,078600,KQ
1011,대창솔루션,096350,KQ
1012,덕산네오룩스,213420,KQ
1013,데브시스터즈,194480,KQ
1014,동아엘텍,088130,KQ
1015,드래곤플라이,030350,KQ
1016,디알텍,214680,KQ
1017,디엠티,134580,KQ
1018,딜리,131180,KQ
1019,럭슬,033600,KQ
1020,레드로버,060300,KQ
1021,레드캡투어,038390,KQ
1022,레이언스,228850,KQ
1023,로보로보,215100,KQ
1024,매일홀딩스,005990,KQ
1025,머큐리,100590,KQ
1026,메디앙스,014100,KQ
1027,메타바이오메드,059210,KQ
1028,멕아이씨에스,058110,KQ
1029,모두투어,080160,KQ
1030,무림SP,001810,KQ
1031,미래에셋대우스팩3호,328380,KQ
1032,미래에셋벤처투자,100790,KQ
1033,미코,059090,KQ
1034,부스타,008470,KQ
1035,비즈니스온,138580,KQ
1036,비트컴퓨터,032850,KQ
1037,사람인에이치알,143240,KQ
1038,삼륭물산,014970,KQ
1039,삼양옵틱스,225190,KQ
1040,삼영이엔씨,065570,KQ
1041,삼일,032280,KQ
1042,삼일기업공사,002290,KQ
1043,삼지전자,037460,KQ
1044,삼진,032750,KQ
1045,삼화네트웍스,046390,KQ
1046,상보,027580,KQ
1047,상신이디피,091580,KQ
1048,서린바이오,038070,KQ
1049,서울바이오시스,092190,KQ
1050,서호전기,065710,KQ
1051,성우하이텍,015750,KQ
1052,세경하이테크,148150,KQ
1053,세명전기,017510,KQ
1054,셀바스AI,108860,KQ
1055,손오공,066910,KQ
1056,솔루에타,154040,KQ
1057,수성,084180,KQ
1058,슈프리마,236200,KQ
1059,스튜디오드래곤,253450,KQ
1060,신라에스지,025870,KQ
1061,신라젠,215600,KQ
1062,신영스팩5호,323280,KQ
1063,신한제6호스팩,333050,KQ
1064,아가방컴퍼니,013990,KQ
1065,아래스,050320,KQ
1066,아모텍,052710,KQ
1067,아미코젠,092040,KQ
1068,아이에이,038880,KQ
1069,아이에이네트웍스,123010,KQ
1070,아이톡시,052770,KQ
1071,액트로,290740,KQ
1072,앱코,129890,KQ
1073,에스에스알,275630,KQ
1074,에스제이그룹,306040,KQ
1075,에스제이케이,080440,KQ
1076,에스티팜,237690,KQ
1077,에이씨티,138360,KQ
1078,에프알텍,073540,KQ
1079,에프에스티,036810,KQ
1080,엔시트론,101400,KQ
1081,엔에프씨,265740,KQ
1082,영신금속,007530,KQ
1083,예림당,036000,KQ
1084,오르비텍,046120,KQ
1085,오성첨단소재,052420,KQ
1086,오션브릿지,241790,KQ
1087,우리손에프앤지,073560,KQ
1088,우수AMS,066590,KQ
1089,원일특강,012620,KQ
1090,윈하이텍,192390,KQ
1091,윌링스,313760,KQ
1092,유니테스트,086390,KQ
1093,유바이오로직스,206650,KQ
1094,유안타제6호스팩,340360,KQ
1095,육일씨엔에쓰,191410,KQ
1096,이글루시큐리티,067920,KQ
1097,이글벳,044960,KQ
1098,이녹스,088390,KQ
1099,이랜시스,264850,KQ
1100,이베스트스팩5호,349720,KQ
1101,이에스에이,052190,KQ
1102,이엠앤아이,083470,KQ
1103,이엠텍,091120,KQ
1104,이즈미디어,181340,KQ
1105,이지케어텍,099750,KQ
1106,인선이엔티,060150,KQ
1107,인포마크,175140,KQ
1108,인포바인,115310,KQ
1109,인포뱅크,039290,KQ
1110,잉크테크,049550,KQ
1111,전진바이오팜,110020,KQ
1112,정다운,208140,KQ
1113,제놀루션,225220,KQ
1114,제이스텍,090470,KQ
1115,제일바이오,052670,KQ
1116,젬백스지오,041590,KQ
1117,조이맥스,101730,KQ
1118,줌인터넷,239340,KQ
1119,지니뮤직,043610,KQ
1120,지니언스,263860,KQ
1121,지란지교시큐리티,208350,KQ
1122,지스마트글로벌,114570,KQ
1123,지티지웰니스,219750,KQ
1124,참좋은여행,094850,KQ
1125,천보,278280,KQ
1126,초록뱀,047820,KQ
1127,컴투스,078340,KQ
1128,케이비제19호스팩,330990,KQ
1129,케이씨피드,025880,KQ
1130,케이엔더블유,105330,KQ
1131,코너스톤네트웍스,033110,KQ
1132,코데즈컴바인,047770,KQ
1133,코메론,049430,KQ
1134,코미팜,041960,KQ
1135,코아시아,045970,KQ
1136,코오롱생명과학,102940,KQ
1137,코웰패션,033290,KQ
1138,코위버,056360,KQ
1139,큐브엔터,182360,KQ
1140,크로바하이텍,043590,KQ
1141,크리스탈지노믹스,083790,KQ
1142,클리오,237880,KQ
1143,키움제5호스팩,311270,KQ
1144,테고사이언스,191420,KQ
1145,테라사이언스,073640,KQ
1146,테라젠이텍스,066700,KQ
1147,테스나,131970,KQ
1148,티에스아이,277880,KQ
1149,파라텍,033540,KQ
1150,파루,043200,KQ
1151,파멥신,208340,KQ
1152,파수,150900,KQ
1153,파워로직스,047310,KQ
1154,파인디지털,038950,KQ
1155,팬엔터테인먼트,068050,KQ
1156,펄어비스,263750,KQ
1157,펌텍코리아,251970,KQ
1158,풍강,093380,KQ
1159,플레이디,237820,KQ
1160,피에스텍,002230,KQ
1161,핌스,347770,KQ
1162,하나마이크론,067310,KQ
1163,한국경제TV,039340,KQ
1164,한국바이오젠,318000,KQ
1165,한국비엔씨,256840,KQ
1166,한국아트라스비엑스,023890,KQ
1167,한국알콜,017890,KQ
1168,한국정보인증,053300,KQ
1169,한국정보통신,025770,KQ
1170,한국제7호스팩,291210,KQ
1171,한국팩키지,037230,KQ
1172,한글과컴퓨터,030520,KQ
1173,한일단조,024740,KQ
1174,한컴위드,054920,KQ
1175,한탑,002680,KQ
1176,현진소재,053660,KQ
1177,형지I&C,011080,KQ
1178,휴네시온,290270,KQ
1179,휴맥스홀딩스,028080,KQ
1180,흥국에프엔비,189980,KQ
1181,DB금융스팩7호,322780,KQ
1182,EMW,079190,KQ
1183,JTC,950170,KQ
1184,KCC건설,021320,KQ
1185,KCI,036670,KQ
1186,KD,044180,KQ
1187,KG ETS,151860,KQ
1188,KG모빌리언스,046440,KQ
1189,KMH,122450,KQ
1190,NEW,160550,KQ
1191,SBI핀테크솔루션즈,950110,KQ
1192,SGA솔루션즈,184230,KQ
1193,SM Life Design,063440,KQ
1194,W홀딩컴퍼니,052300,KQ
1195,경동제약,011040,KQ
1196,교보9호스팩,331520,KQ
1197,나노신소재,121600,KQ
1198,나인테크,267320,KQ
1199,네패스아크,330860,KQ
1200,넥스트아이,137940,KQ
1201,넥슨지티,041140,KQ
1202,노터스,278650,KQ
1203,누리플랜,069140,KQ
1204,뉴프라이드,900100,KQ
1205,다산네트웍스,039560,KQ
1206,다원시스,068240,KQ
1207,대명소노시즌,007720,KQ
1208,대성미생물,036480,KQ
1209,대신밸런스제6호스팩,307750,KQ
1210,대원산업,005710,KQ
1211,더블유에스아이,299170,KQ
1212,덕신하우징,090410,KQ
1213,데일리블록체인,139050,KQ
1214,덴티스,261200,KQ
1215,동신건설,025950,KQ
1216,동일기연,032960,KQ
1217,듀오백,073190,KQ
1218,디지아이,043360,KQ
1219,디지털대성,068930,KQ
1220,디티앤씨,187220,KQ
1221,라이브플렉스,050120,KQ
1222,램테크놀러지,171010,KQ
1223,레고켐바이오,141080,KQ
1224,로보스타,090360,KQ
1225,리드코프,012700,KQ
1226,메디콕스,054180,KQ
1227,메디포스트,078160,KQ
1228,바이브컴퍼니,301300,KQ
1229,바이오니아,064550,KQ
1230,베뉴지,019010,KQ
1231,베셀,177350,KQ
1232,보라티알,250000,KQ
1233,부방,014470,KQ
1234,브리지텍,064480,KQ
1235,비디아이,148140,KQ
1236,삼진엘앤디,054090,KQ
1237,삼천리자전거,024950,KQ
1238,삼현철강,017480,KQ
1239,상아프론테크,089980,KQ
1240,서산,079650,KQ
1241,서진오토모티브,122690,KQ
1242,성우테크론,045300,KQ
1243,세운메디칼,100700,KQ
1244,세종텔레콤,036630,KQ
1245,솔고바이오,043100,KQ
1246,솔본,035610,KQ
1247,수산아이앤티,050960,KQ
1248,슈펙스비앤피,058530,KQ
1249,슈피겐코리아,192440,KQ
1250,스카이이앤엠,131100,KQ
1251,시공테크,020710,KQ
1252,시그네틱스,033170,KQ
1253,시큐브,131090,KQ
1254,신도기연,290520,KQ
1255,신테카바이오,226330,KQ
1256,신한제5호스팩,323230,KQ
1257,실리콘웍스,108320,KQ
1258,쎄노텍,222420,KQ
1259,쎄미시스코,136510,KQ
1260,쎄트렉아이,099320,KQ
1261,씨엠에스에듀,225330,KQ
1262,씨큐브,101240,KQ
1263,아비코전자,036010,KQ
1264,아이디피,332370,KQ
1265,아이엠이연이,090740,KQ
1266,아진산업,013310,KQ
1267,아프리카TV,067160,KQ
1268,알티캐스트,085810,KQ
1269,애니젠,196300,KQ
1270,액션스퀘어,205500,KQ
1271,앤디포스,238090,KQ
1272,앱클론,174900,KQ
1273,에스앤더블류,103230,KQ
1274,에스와이,109610,KQ
1275,에스트래픽,234300,KQ
1276,에스퓨얼셀,288620,KQ
1277,에이디칩스,054630,KQ
1278,에이비엘바이오,298380,KQ
1279,에이스침대,003800,KQ
1280,에이스토리,241840,KQ
1281,에이치시티,072990,KQ
1282,에이텍티앤,224110,KQ
1283,엑셈,205100,KQ
1284,엔브이에이치코리아,067570,KQ
1285,엔지켐생명과학,183490,KQ
1286,엔케이맥스,182400,KQ
1287,엔텔스,069410,KQ
1288,엘디티,096870,KQ
1289,엘컴텍,037950,KQ
1290,연우,115960,KQ
1291,영림원소프트랩,060850,KQ
1292,예스티,122640,KQ
1293,오스테오닉,226400,KQ
1294,오텍,067170,KQ
1295,와이즈버즈,273060,KQ
1296,원익머트리얼즈,104830,KQ
1297,원익홀딩스,030530,KQ
1298,원풍,008370,KQ
1299,웹젠,069080,KQ
1300,위닉스,044340,KQ
1301,위메이드,112040,KQ
1302,위지트,036090,KQ
1303,유비벨록스,089850,KQ
1304,유비쿼스,264450,KQ
1305,유안타제4호스팩,313750,KQ
1306,유진테크,084370,KQ
1307,이건홀딩스,039020,KQ
1308,이노와이어리스,073490,KQ
1309,이녹스첨단소재,272290,KQ
1310,이랜텍,054210,KQ
1311,이미지스,115610,KQ
1312,이수앱지스,086890,KQ
1313,인산가,277410,KQ
1314,인성정보,033230,KQ
1315,인탑스,049070,KQ
1316,인터파크,035080,KQ
1317,재영솔루텍,049630,KQ
1318,제낙스,065620,KQ
1319,제이티,089790,KQ
1320,진바이오텍,086060,KQ
1321,진성티이씨,036890,KQ
1322,카이노스메드,284620,KQ
1323,캐리소프트,317530,KQ
1324,캔서롭,180400,KQ
1325,캠시스,050110,KQ
1326,케이비제18호스팩,323940,KQ
1327,케이엠더블유,032500,KQ
1328,케이피에프,024880,KQ
1329,코닉글로리,094860,KQ
1330,코드네이처,078940,KQ
1331,코리아에셋투자증권,190650,KQ
1332,코미코,183300,KQ
1333,코이즈,121850,KQ
1334,큐브앤컴퍼니,043090,KQ
1335,키이스트,054780,KQ
1336,탑엔지니어링,065130,KQ
1337,태웅로직스,124560,KQ
1338,텔콘RF제약,200230,KQ
1339,토비스,051360,KQ
1340,티라유텍,322180,KQ
1341,티씨케이,064760,KQ
1342,파라다이스,034230,KQ
1343,파버나인,177830,KQ
1344,파워넷,037030,KQ
1345,팍스넷,038160,KQ
1346,포인트모바일,318020,KQ
1347,프로텍,053610,KQ
1348,피에스케이,319660,KQ
1349,피엔티,137400,KQ
1350,픽셀플러스,087600,KQ
1351,필옵틱스,161580,KQ
1352,하나금융14호스팩,332710,KQ
1353,하나금융16호스팩,343510,KQ
1354,하나기술,299030,KQ
1355,하이제4호스팩,317240,KQ
1356,한국캐피탈,023760,KQ
1357,한류타임즈,039670,KQ
1358,한일네트웍스,046110,KQ
1359,해마로푸드서비스,220630,KQ
1360,희림,037440,KQ
1361,DSC인베스트먼트,241520,KQ
1362,NHN벅스,104200,KQ
1363,SDN,099220,KQ
1364,SK4호스팩,307070,KQ
1365,SKC 솔믹스,057500,KQ
1366,SK머티리얼즈,036490,KQ
1367,SNK,950180,KQ
1368,WI,073570,KQ
1369,가비아,079940,KQ
1370,경남스틸,039240,KQ
1371,고바이오랩,348150,KQ
1372,국일신동,060480,KQ
1373,글로벌텍스프리,204620,KQ
1374,글로본,019660,KQ
1375,나노,187790,KQ
1376,네오셈,253590,KQ
1377,네오위즈홀딩스,042420,KQ
1378,네이블커뮤니케이션즈,153460,KQ
1379,넥스트BT,065170,KQ
1380,대신밸런스제7호스팩,332290,KQ
1381,대양전기공업,108380,KQ
1382,대원,007680,KQ
1383,대한뉴팜,054670,KQ
1384,덕산테코피아,317330,KQ
1385,덕산하이메탈,077360,KQ
1386,동국제약,086450,KQ
1387,동진쎄미켐,005290,KQ
1388,디바이스이엔지,187870,KQ
1389,디알젬,263690,KQ
1390,디에스티,033430,KQ
1391,라이브파이낸셜,036170,KQ
1392,라이온켐텍,171120,KQ
1393,레이크머티리얼즈,281740,KQ
1394,로지시스,067730,KQ
1395,릭스솔루션,029480,KQ
1396,링네트,042500,KQ
1397,마이크로프랜드,147760,KQ
1398,메가스터디교육,215200,KQ
1399,모헨즈,006920,KQ
1400,민앤지,214180,KQ
1401,바른손이앤에이,035620,KQ
1402,바이온,032980,KQ
1403,베노홀딩스,206400,KQ
1404,비보존 헬스케어,082800,KQ
1405,비에이치아이,083650,KQ
1406,새로닉스,042600,KQ
1407,서연탑메탈,019770,KQ
1408,서울반도체,046890,KQ
1409,서울전자통신,027040,KQ
1410,서원인텍,093920,KQ
1411,선데이토즈,123420,KQ
1412,성호전자,043260,KQ
1413,센코,347000,KQ
1414,슈프리마에이치큐,094840,KQ
1415,스타플렉스,115570,KQ
1416,시노펙스,025320,KQ
1417,신원종합개발,017000,KQ
1418,신흥에스이씨,243840,KQ
1419,씨앤지하이테크,264660,KQ
1420,씨티씨바이오,060590,KQ
1421,아스타,246720,KQ
1422,아우딘퓨쳐스,227610,KQ
1423,아이엘사이언스,307180,KQ
1424,아이진,185490,KQ
1425,아이큐어,175250,KQ
1426,아이크래프트,052460,KQ
1427,안트로젠,065660,KQ
1428,알에스오토메이션,140670,KQ
1429,에스디생명공학,217480,KQ
1430,에스씨엠생명과학,298060,KQ
1431,에스앤씨엔진그룹,900080,KQ
1432,에스텍파마,041910,KQ
1433,에이스테크,088800,KQ
1434,에이치엔티,176440,KQ
1435,에이치엘사이언스,239610,KQ
1436,에이치엠씨제4호스팩,353070,KQ
1437,에이티세미콘,089530,KQ
1438,에이팩트,200470,KQ
1439,에이프로젠 H&G,109960,KQ
1440,에코플라스틱,038110,KQ
1441,엑사이엔씨,054940,KQ
1442,엔에스,217820,KQ
1443,엔에스엔,031860,KQ
1444,엔지스테크널러지,208860,KQ
1445,엔피디,198080,KQ
1446,엘아이에스,138690,KQ
1447,엘오티베큠,083310,KQ
1448,엠브레인,169330,KQ
1449,엠투아이,347890,KQ
1450,엠플러스,259630,KQ
1451,예스24,053280,KQ
1452,오가닉티코스메틱,900300,KQ
1453,옵트론텍,082210,KQ
1454,옵티팜,153710,KQ
1455,와이솔,122990,KQ
1456,와이아이케이,232140,KQ
1457,우노앤컴퍼니,114630,KQ
1458,우리산업홀딩스,072470,KQ
1459,우림기계,101170,KQ
1460,우양,103840,KQ
1461,우진비앤지,018620,KQ
1462,원익,032940,KQ
1463,유성티엔에스,024800,KQ
1464,유에스티,263770,KQ
1465,이노인스트루먼트,215790,KQ
1466,이루온,065440,KQ
1467,이엘피,063760,KQ
1468,이지홀딩스,035810,KQ
1469,이트론,096040,KQ
1470,인터플렉스,051370,KQ
1471,전파기지국,065530,KQ
1472,제너셈,217190,KQ
1473,제넥신,095700,KQ
1474,제넨바이오,072520,KQ
1475,제노레이,122310,KQ
1476,제로투세븐,159580,KQ
1477,제룡전기,033100,KQ
1478,제이씨현시스템,033320,KQ
1479,조광ILI,044060,KQ
1480,칩스앤미디어,094360,KQ
1481,컴퍼니케이,307930,KQ
1482,케이사인,192250,KQ
1483,케이씨에스,115500,KQ
1484,케이아이엔엑스,093320,KQ
1485,켐온,217600,KQ
1486,코맥스,036690,KQ
1487,코세스,089890,KQ
1488,코스메카코리아,241710,KQ
1489,코엔텍,029960,KQ
1490,코텍,052330,KQ
1491,콜마비앤에이치,200130,KQ
1492,큐캐피탈,016600,KQ
1493,타이거일렉,219130,KQ
1494,티로보틱스,117730,KQ
1495,티앤엘,340570,KQ
1496,파마리서치프로덕트,214450,KQ
1497,파인디앤씨,049120,KQ
1498,파인텍,131760,KQ
1499,펩트론,087010,KQ
1500,포스링크,056730,KQ
1501,풍국주정,023900,KQ
1502,퓨쳐스트림네트웍스,214270,KQ
1503,퓨쳐켐,220100,KQ
1504,피씨디렉트,051380,KQ
1505,피에스케이홀딩스,031980,KQ
1506,피플바이오,304840,KQ
1507,하이로닉,149980,KQ
1508,하이소닉,106080,KQ
1509,한국유니온제약,080720,KQ
1510,한국전자금융,063570,KQ
1511,한국컴퓨터,054040,KQ
1512,한국테크놀로지,053590,KQ
1513,한일사료,005860,KQ
1514,헝셩그룹,900270,KQ
1515,화일약품,061250,KQ
1516,효성오앤비,097870,KQ
1517,휴온스,243070,KQ
1518,휴젤,145020,KQ
1519,CNH,023460,KQ
1520,DMS,068790,KQ
1521,GH신소재,130500,KQ
1522,IBKS제14호스팩,351320,KQ
1523,KBI메탈,024840,KQ
1524,KMH하이텍,052900,KQ
1525,KNN,058400,KQ
1526,KTH,036030,KQ
1527,KT서브마린,060370,KQ
1528,SBS콘텐츠허브,046140,KQ
1529,SG&G,040610,KQ
1530,SGA,049470,KQ
1531,SV인베스트먼트,289080,KQ
1532,TPC,048770,KQ
1533,TS인베스트먼트,246690,KQ
1534,YBM넷,057030,KQ
1535,iMBC,052220,KQ
1536,가온미디어,078890,KQ
1537,골든센츄리,900280,KQ
1538,광진윈텍,090150,KQ
1539,구영테크,053270,KQ
1540,국보디자인,066620,KQ
1541,글로스퍼랩스,032860,KQ
1542,나이스정보통신,036800,KQ
1543,남화산업,111710,KQ
1544,네스엠,056000,KQ
1545,네오오토,212560,KQ
1546,네오위즈,095660,KQ
1547,네오크레마,311390,KQ
1548,넷게임즈,225570,KQ
1549,노랑풍선,104620,KQ
1550,노바텍,285490,KQ
1551,뉴보텍,060260,KQ
1552,다날,064260,KQ
1553,다우데이타,032190,KQ
1554,대원미디어,048910,KQ
1555,대한과학,131220,KQ
1556,대호피앤씨,021040,KQ
1557,대화제약,067080,KQ
1558,동아화성,041930,KQ
1559,동양파일,228340,KQ
1560,디앤씨미디어,263720,KQ
1561,디이엔티,079810,KQ
1562,라닉스,317120,KQ
1563,라온피플,300120,KQ
1564,라이트론,069540,KQ
1565,랩지노믹스,084650,KQ
1566,로스웰,900260,KQ
1567,리더스코스메틱,016100,KQ
1568,리메드,302550,KQ
1569,린드먼아시아,277070,KQ
1570,마니커에프앤지,195500,KQ
1571,메가엠디,133750,KQ
1572,메드팩토,235980,KQ
1573,메카로,241770,KQ
1574,모베이스,101330,KQ
1575,모아텍,033200,KQ
1576,미래에셋대우스팩4호,333430,KQ
1577,바이오스마트,038460,KQ
1578,바텍,043150,KQ
1579,박셀바이오,323990,KQ
1580,보광산업,225530,KQ
1581,본느,226340,KQ
1582,브릿지바이오,288330,KQ
1583,블러썸엠앤씨,263920,KQ
1584,비엠티,086670,KQ
1585,비츠로셀,082920,KQ
1586,삼보모터스,053700,KQ
1587,삼영엠텍,054540,KQ
1588,삼천당제약,000250,KQ
1589,샘코,263540,KQ
1590,서울옥션,063170,KQ
1591,서한,011370,KQ
1592,성도이엔지,037350,KQ
1593,성우전자,081580,KQ
1594,세동,053060,KQ
1595,세미콘라이트,214310,KQ
1596,세원,234100,KQ
1597,세원물산,024830,KQ
1598,셀리버리,268600,KQ
1599,소룩스,290690,KQ
1600,소프트캠프,258790,KQ
1601,스카이문스테크놀로지,033790,KQ
1602,시너지이노베이션,048870,KQ
1603,신성델타테크,065350,KQ
1604,신화인터텍,056700,KQ
1605,싸이토젠,217330,KQ
1606,씨케이에이치,900120,KQ
1607,아시아종묘,154030,KQ
1608,아이컴포넌트,059100,KQ
1609,아즈텍WB,032080,KQ
1610,안랩,053800,KQ
1611,알서포트,131370,KQ
1612,액트,131400,KQ
1613,어보브반도체,102120,KQ
1614,에너토크,019990,KQ
1615,에버다임,041440,KQ
1616,에스넷,038680,KQ
1617,에스디시스템,121890,KQ
1618,에스앤에스텍,101490,KQ
1619,에스에이엠티,031330,KQ
1620,에스티큐브,052020,KQ
1621,에스피지,058610,KQ
1622,에이프로,262260,KQ
1623,에이피티씨,089970,KQ
1624,에코마케팅,230360,KQ
1625,에코바이오,038870,KQ
1626,에코캡,128540,KQ
1627,에프앤리퍼블릭,064090,KQ
1628,에프엔에스테크,083500,KQ
1629,엔바이오니아,317870,KQ
1630,엔에이치스팩13호,310840,KQ
1631,엘엠에스,073110,KQ
1632,엠아이텍,179290,KQ
1633,엠에스오토텍,123040,KQ
1634,엠케이전자,033160,KQ
1635,오이솔루션,138080,KQ
1636,올리패스,244460,KQ
1637,와이엠씨,155650,KQ
1638,와이엠티,251370,KQ
1639,와이제이엠게임즈,193250,KQ
1640,와이팜,332570,KQ
1641,우리넷,115440,KQ
1642,우리조명,037400,KQ
1643,원익IPS,240810,KQ
1644,위세아이텍,065370,KQ
1645,유니슨,018000,KQ
1646,유니크,011320,KQ
1647,유아이디,069330,KQ
1648,유아이엘,049520,KQ
1649,이상네트웍스,080010,KQ
1650,이엠코리아,095190,KQ
1651,이오플로우,294090,KQ
1652,이큐셀,160600,KQ
1653,이화공영,001840,KQ
1654,인텔리안테크,189300,KQ
1655,인피니트헬스케어,071200,KQ
1656,일신바이오,068330,KQ
1657,잉글우드랩,950140,KQ
1658,정원엔시스,045510,KQ
1659,제이씨케미칼,137950,KQ
1660,제이앤티씨,204270,KQ
1661,제이엘케이,322510,KQ
1662,젬백스링크,064800,KQ
1663,좋은사람들,033340,KQ
1664,중앙백신,072020,KQ
1665,지트리비앤티,115450,KQ
1666,청보산업,013720,KQ
1667,카스,016920,KQ
1668,카페24,042000,KQ
1669,케이비17호스팩,317030,KQ
1670,케이에스피,073010,KQ
1671,코디엠,224060,KQ
1672,코리아센터,290510,KQ
1673,큐리언트,115180,KQ
1674,크리스탈신소재,900250,KQ
1675,크린앤사이언스,045520,KQ
1676,클래시스,214150,KQ
1677,태웅,044490,KQ
1678,테라셈,182690,KQ
1679,토박스코리아,215480,KQ
1680,티사이언티픽,057680,KQ
1681,티케이케미칼,104480,KQ
1682,팅크웨어,084730,KQ
1683,판타지오,032800,KQ
1684,팜스토리,027710,KQ
1685,푸드나무,290720,KQ
1686,푸른저축은행,007330,KQ
1687,프리엠스,053160,KQ
1688,플랜티넷,075130,KQ
1689,피제이메탈,128660,KQ
1690,하나머티리얼즈,166090,KQ
1691,한국선재,025550,KQ
1692,한국전자인증,041460,KQ
1693,한국큐빅,021650,KQ
1694,한독크린텍,256150,KQ
1695,한화플러스제1호스팩,340440,KQ
1696,헬릭스미스,084990,KQ
1697,현대사료,016790,KQ
1698,현우산업,092300,KQ
1699,홈캐스트,064240,KQ
1700,휴메딕스,200670,KQ
1701,흥구석유,024060,KQ
1702,3S,060310,KQ
1703,JYP Ent.,035900,KQ
1704,RFHIC,218410,KQ
1705,강원,114190,KQ
1706,경남제약,053950,KQ
1707,고려신용정보,049720,KQ
1708,골드퍼시픽,038530,KQ
1709,광진실업,026910,KQ
1710,그린플러스,186230,KQ
1711,기산텔레콤,035460,KQ
1712,나무기술,242040,KQ
1713,나이스디앤비,130580,KQ
1714,네패스,033640,KQ
1715,대동금속,020400,KQ
1716,대림제지,017650,KQ
1717,대신정보통신,020180,KQ
1718,대한그린파워,060900,KQ
1719,더블유에프엠,035290,KQ
1720,동국알앤에스,075970,KQ
1721,동우팜투테이블,088910,KQ
1722,동운아나텍,094170,KQ
1723,드림씨아이에스,223250,KQ
1724,디아이티,110990,KQ
1725,디에이치피코리아,131030,KQ
1726,디케이락,105740,KQ
1727,디케이앤디,263020,KQ
1728,디케이티,290550,KQ
1729,라온시큐어,042510,KQ
1730,라파스,214260,KQ
1731,리노스,039980,KQ
1732,리더스 기술투자,019570,KQ
1733,마이크로컨텍솔,098120,KQ
1734,메지온,140410,KQ
1735,모다이노칩,080420,KQ
1736,모베이스전자,012860,KQ
1737,미디어젠,279600,KQ
1738,미래나노텍,095500,KQ
1739,미래에셋대우스팩 5호,353490,KQ
1740,미래테크놀로지,213090,KQ
1741,미투젠,950190,KQ
1742,바이오리더스,142760,KQ
1743,뷰웍스,100120,KQ
1744,브레인콘텐츠,066980,KQ
1745,블루콤,033560,KQ
1746,비덴트,121800,KQ
1747,비에이치,090460,KQ
1748,비올,335890,KQ
1749,비츠로테크,042370,KQ
1750,비피도,238200,KQ
1751,빅텍,065450,KQ
1752,삼강엠앤티,100090,KQ
1753,삼보산업,009620,KQ
1754,삼성머스트스팩3호,309930,KQ
1755,삼표시멘트,038500,KQ
1756,상상인이안1호스팩,307870,KQ
1757,서부T&D,006730,KQ
1758,선광,003100,KQ
1759,세진티에스,067770,KQ
1760,세화피앤씨,252500,KQ
1761,셀레믹스,331920,KQ
1762,셀리드,299660,KQ
1763,소리바다,053110,KQ
1764,소마젠,950200,KQ
1765,솔브레인,357780,KQ
1766,수젠텍,253840,KQ
1767,스맥,099440,KQ
1768,신라섬유,001000,KQ
1769,신화콘텍,187270,KQ
1770,쎄니트,037760,KQ
1771,씨씨에스,066790,KQ
1772,씨엔플러스,115530,KQ
1773,씨젠,096530,KQ
1774,아리온,058220,KQ
1775,아시아경제,127710,KQ
1776,아이디스홀딩스,054800,KQ
1777,아이쓰리시스템,214430,KQ
1778,아주IB투자,027360,KQ
1779,안국약품,001540,KQ
1780,알테오젠,196170,KQ
1781,알톤스포츠,123750,KQ
1782,알파홀딩스,117670,KQ
1783,압타바이오,293780,KQ
1784,야스,255440,KQ
1785,에스맥,097780,KQ
1786,에스모 머티리얼즈,087730,KQ
1787,에스에이티,060540,KQ
1788,에스엔유,080000,KQ
1789,에스엠코어,007820,KQ
1790,에스티오,098660,KQ
1791,에이에프더블류,312610,KQ
1792,에이치엘비,028300,KQ
1793,에이테크솔루션,071670,KQ
1794,에이프런티어,036180,KQ
1795,에코마이스터,064510,KQ
1796,에프엔씨엔터,173940,KQ
1797,엘비세미콘,061970,KQ
1798,엘이티,297890,KQ
1799,엠에스씨,009780,KQ
1800,엠젠플러스,032790,KQ
1801,오디텍,080520,KQ
1802,오로라,039830,KQ
1803,오상자이엘,053980,KQ
1804,오킨스전자,080580,KQ
1805,와이엔텍,067900,KQ
1806,와이오엠,066430,KQ
1807,와이지엔터테인먼트,122870,KQ
1808,우주일렉트로,065680,KQ
1809,원방테크,053080,KQ
1810,웹케시,053580,KQ
1811,위니아딤채,071460,KQ
1812,위드텍,348350,KQ
1813,위지윅스튜디오,299900,KQ
1814,윈스,136540,KQ
1815,윈텍,320000,KQ
1816,유라테크,048430,KQ
1817,유틸렉스,263050,KQ
1818,이그잭스,060230,KQ
1819,이니텍,053350,KQ
1820,이더블유케이,258610,KQ
1821,이테크건설,016250,KQ
1822,인바디,041830,KQ
1823,인지디스플레,037330,KQ
1824,인콘,083640,KQ
1825,인크로스,216050,KQ
1826,인터엠,017250,KQ
1827,일지테크,019540,KQ
1828,자안,221610,KQ
1829,제이에스티나,026040,KQ
1830,제이엠아이,033050,KQ
1831,제일전기공업,199820,KQ
1832,지노믹트리,228760,KQ
1833,지니틱스,303030,KQ
1834,진로발효,018120,KQ
1835,체리부로,066360,KQ
1836,카카오게임즈,293490,KQ
1837,케이디켐,221980,KQ
1838,케이씨티,089150,KQ
1839,케이피에스,256940,KQ
1840,코나아이,052400,KQ
1841,코디,080530,KQ
1842,코리아에스이,101670,KQ
1843,코스나인,082660,KQ
1844,코스온,069110,KQ
1845,코아스템,166480,KQ
1846,큐렉소,060280,KQ
1847,큐로컴,040350,KQ
1848,태양,053620,KQ
1849,테크윙,089030,KQ
1850,티엘아이,062860,KQ
1851,티움바이오,321550,KQ
1852,파인테크닉스,106240,KQ
1853,팜스빌,318010,KQ
1854,팬스타엔터프라이즈,054300,KQ
1855,평화정공,043370,KQ
1856,포메탈,119500,KQ
1857,포스코 ICT,022100,KQ
1858,퓨전,195440,KQ
1859,플레이위드,023770,KQ
1860,피씨엘,241820,KQ
1861,피피아이,062970,KQ
1862,한국제8호스팩,310870,KQ
1863,한국파마,032300,KQ
1864,한솔인티큐브,070590,KQ
1865,한창산업,079170,KQ
1866,한컴MDS,086960,KQ
1867,한화에스비아이스팩,317320,KQ
1868,핸디소프트,220180,KQ
1869,현대공업,170030,KQ
1870,화신정공,126640,KQ
1871,휴마시스,205470,KQ
1872,휴비츠,065510,KQ
1873,흥국,010240,KQ
1874,HB테크놀러지,078150,KQ
1875,IBKS제12호스팩,335870,KQ
1876,ISC,095340,KQ
1877,KG이니시스,035600,KQ
1878,MP한강,219550,KQ
1879,NE능률,053290,KQ
1880,NHN한국사이버결제,060250,KQ
1881,SBI인베스트먼트,019550,KQ
1882,SG,255220,KQ
1883,갤럭시아머니트리,094480,KQ
1884,고려제약,014570,KQ
1885,국일제지,078130,KQ
1886,금강철강,053260,KQ
1887,기가레인,049080,KQ
1888,나노스,151910,KQ
1889,나노캠텍,091970,KQ
1890,나라엠앤디,051490,KQ
1891,나우IB,293580,KQ
1892,내츄럴엔도텍,168330,KQ
1893,네오펙트,290660,KQ
1894,녹십자엠에스,142280,KQ
1895,녹십자웰빙,234690,KQ
1896,뉴로스,126870,KQ
1897,뉴지랩,214870,KQ
1898,대동기어,008830,KQ
1899,대륙제관,004780,KQ
1900,대모,317850,KQ
1901,대보마그네틱,290670,KQ
1902,대성엘텍,025440,KQ
1903,대성창투,027830,KQ
1904,대양제지,006580,KQ
1905,대정화금,120240,KQ
1906,대창스틸,140520,KQ
1907,덕우전자,263600,KQ
1908,동국S&C,100130,KQ
1909,동성화인텍,033500,KQ
1910,동양에스텍,060380,KQ
1911,동양이엔피,079960,KQ
1912,동일철강,023790,KQ
1913,디스플레이텍,066670,KQ
1914,디에스케이,109740,KQ
1915,디자인,227100,KQ
1916,디젠스,113810,KQ
1917,러셀,217500,KQ
1918,레이,228670,KQ
1919,마이더스AI,222810,KQ
1920,매일유업,267980,KQ
1921,매직마이크로,127160,KQ
1922,맥스로텍,141070,KQ
1923,멀티캠퍼스,067280,KQ
1924,메가스터디,072870,KQ
1925,메디프론,065650,KQ
1926,명성티엔에스,257370,KQ
1927,모바일어플라이언스,087260,KQ
1928,미투온,201490,KQ
1929,바른손,018700,KQ
1930,바이오로그디바이스,208710,KQ
1931,바이오솔루션,086820,KQ
1932,바이오톡스텍,086040,KQ
1933,버추얼텍,036620,KQ
1934,베스파,299910,KQ
1935,비나텍,126340,KQ
1936,빅솔론,093190,KQ
1937,삼목에스폼,018310,KQ
1938,삼성스팩2호,291230,KQ
1939,상상인,038540,KQ
1940,상신전자,263810,KQ
1941,서진시스템,178320,KQ
1942,서플러스글로벌,140070,KQ
1943,선익시스템,171090,KQ
1944,세틀뱅크,234340,KQ
1945,소프트센,032680,KQ
1946,솔트웍스,230980,KQ
1947,쇼박스,086980,KQ
1948,스타모빌리티,158310,KQ
1949,신진에스엠,138070,KQ
1950,심텍홀딩스,036710,KQ
1951,쎌바이오텍,049960,KQ
1952,씨티케이코스메틱스,260930,KQ
1953,아모그린텍,125210,KQ
1954,아미노로직스,074430,KQ
1955,아이디스,143160,KQ
1956,아이비김영,339950,KQ
1957,아이앤씨,052860,KQ
1958,아이에스이커머스,069920,KQ
1959,아이엠,101390,KQ
1960,아이엠텍,226350,KQ
1961,아진엑스텍,059120,KQ
1962,아톤,158430,KQ
1963,알엔투테크놀로지,148250,KQ
1964,압타머사이언스,291650,KQ
1965,액토즈소프트,052790,KQ
1966,앤씨앤,092600,KQ
1967,에스모,073070,KQ
1968,에스엠,041510,KQ
1969,에스티아이,039440,KQ
1970,에이비프로바이오,195990,KQ
1971,에이아이비트,039230,KQ
1972,에이치엘비제약,047920,KQ
1973,에이치케이,044780,KQ
1974,에이텍,045660,KQ
1975,에코프로,086520,KQ
1976,에코프로비엠,247540,KQ
1977,엔에이치스팩17호,359090,KQ
1978,엘앤케이바이오,156100,KQ
1979,오리엔탈정공,014940,KQ
1980,오리콤,010470,KQ
1981,오스템,031510,KQ
1982,우리기술,032820,KQ
1983,우리기술투자,041190,KQ
1984,우리로,046970,KQ
1985,우정바이오,215380,KQ
1986,월덱스,101160,KQ
1987,웰크론한텍,076080,KQ
1988,웹스,196700,KQ
1989,윙입푸드,900340,KQ
1990,유니셈,036200,KQ
1991,유니트론텍,142210,KQ
1992,유진기업,023410,KQ
1993,유진로봇,056080,KQ
1994,율호,072770,KQ
1995,이노와이즈,086250,KQ
1996,이라이콤,041520,KQ
1997,이베스트투자증권,078020,KQ
1998,이엑스티,226360,KQ
1999,이엔에프테크놀로지,102710,KQ
2000,이원컴포텍,088290,KQ
2001,이크레더블,092130,KQ
2002,이화전기,024810,KQ
2003,인트로메딕,150840,KQ
2004,인트론바이오,048530,KQ
2005,일야,058450,KQ
2006,일진파워,094820,KQ
2007,제노포커스,187420,KQ
2008,제닉,123330,KQ
2009,제룡산업,147830,KQ
2010,젠큐릭스,229000,KQ
2011,조이시티,067000,KQ
2012,중앙에너비스,000440,KQ
2013,지엘팜텍,204840,KQ
2014,진매트릭스,109820,KQ
2015,창해에탄올,004650,KQ
2016,청담러닝,096240,KQ
2017,컬러레이,900310,KQ
2018,케어랩스,263700,KQ
2019,케이엔제이,272110,KQ
2020,케이엠,083550,KQ
2021,케이엠제약,225430,KQ
2022,케이프,064820,KQ
2023,켐트로닉스,089010,KQ
2024,켐트로스,220260,KQ
2025,코다코,046070,KQ
2026,코리아에프티,123410,KQ
2027,코센,009730,KQ
2028,큐로홀딩스,051780,KQ
2029,태광,023160,KQ
2030,티피씨글로벌,130740,KQ
2031,파크시스템스,140860,KQ
2032,파트론,091700,KQ
2033,팬젠,222110,KQ
2034,포스코엠텍,009520,KQ
2035,포인트엔지니어링,256630,KQ
2036,포티스,141020,KQ
2037,피앤씨테크,237750,KQ
2038,피앤이솔루션,131390,KQ
2039,필로시스헬스케어,057880,KQ
2040,하나머스트제6호스팩,307160,KQ
2041,하림지주,003380,KQ
2042,하이제5호스팩,340120,KQ
2043,하이텍팜,106190,KQ
2044,한국가구,004590,KQ
2045,한국정밀기계,101680,KQ
2046,한빛소프트,047080,KQ
2047,한송네오텍,226440,KQ
2048,한스바이오메드,042520,KQ
2049,현대바이오랜드,052260,KQ
2050,현대통신,039010,KQ
2051,휘닉스소재,050090,KQ
2052,휴림로봇,090710,KQ
2053,AP시스템,265520,KQ
2054,AP위성,211270,KQ
2055,GRT,900290,KQ
2056,MP그룹,065150,KQ
2057,OQP,078590,KQ
2058,PI첨단소재,178920,KQ
2059,S&K폴리텍,091340,KQ
2060,SFA반도체,036540,KQ
2061,THE MIDONG,161570,KQ
2062,YTN,040300,KQ
2063,골프존뉴딘홀딩스,121440,KQ
2064,교보10호기업인수목적,355150,KQ
2065,글로벌에스엠,900070,KQ
2066,금화피에스시,036190,KQ
2067,까스텔바작,308100,KQ
2068,나무가,190510,KQ
2069,네온테크,306620,KQ
2070,넥스틴,348210,KQ
2071,녹십자랩셀,144510,KQ
2072,농우바이오,054050,KQ
2073,뉴트리,270870,KQ
2074,다나와,119860,KQ
2075,다믈멀티미디어,093640,KQ
2076,대동스틸,048470,KQ
2077,대신밸런스제8호스팩,336570,KQ
2078,대한광통신,010170,KQ
2079,더네이쳐홀딩스,298540,KQ
2080,데이타솔루션,263800,KQ
2081,덱스터,206560,KQ
2082,도이치모터스,067990,KQ
2083,동국산업,005160,KQ
2084,동원개발,013120,KQ
2085,동일금속,109860,KQ
2086,동화기업,025900,KQ
2087,드림시큐리티,203650,KQ
2088,드림어스컴퍼니,060570,KQ
2089,디딤,217620,KQ
2090,디와이피엔에프,104460,KQ
2091,디지캡,197140,KQ
2092,레몬,294140,KQ
2093,로보티즈,108490,KQ
2094,로체시스템즈,071280,KQ
2095,루멘스,038060,KQ
2096,루트로닉,085370,KQ
2097,리노공업,058470,KQ
2098,마이크로디지탈,305090,KQ
2099,마크로젠,038290,KQ
2100,매커스,093520,KQ
2101,메디아나,041920,KQ
2102,멜파스,096640,KQ
2103,모바일리더,100030,KQ
2104,미래생명자원,218150,KQ
2105,미래컴퍼니,049950,KQ
2106,바른전자,064520,KQ
2107,배럴,267790,KQ
2108,백금T&A,046310,KQ
2109,버킷스튜디오,066410,KQ
2110,보성파워텍,006910,KQ
2111,브이원텍,251630,KQ
2112,브이티지엠피,018290,KQ
2113,비비씨,318410,KQ
2114,비씨월드제약,200780,KQ
2115,비아트론,141000,KQ
2116,비츠로시스,054220,KQ
2117,빛샘전자,072950,KQ
2118,삼기,122350,KQ
2119,상상인이안제2호스팩,329560,KQ
2120,상상인인더스트리,101000,KQ
2121,서남,294630,KQ
2122,서울리거,043710,KQ
2123,서울제약,018680,KQ
2124,서전기전,189860,KQ
2125,서희건설,035890,KQ
2126,성광벤드,014620,KQ
2127,세중,039310,KQ
2128,센트럴바이오,051980,KQ
2129,셀트리온헬스케어,091990,KQ
2130,솔브레인홀딩스,036830,KQ
2131,솔트룩스,304100,KQ
2132,슈프리마아이디,317770,KQ
2133,스킨앤스킨,159910,KQ
2134,신신제약,002800,KQ
2135,신영스팩6호,344050,KQ
2136,신일제약,012790,KQ
2137,싸이맥스,160980,KQ
2138,썸에이지,208640,KQ
2139,쏠리드,050890,KQ
2140,씨아이에스,222080,KQ
2141,씨에스베어링,297090,KQ
2142,아난티,025980,KQ
2143,아바코,083930,KQ
2144,아세아텍,050860,KQ
2145,아스트,067390,KQ
2146,아이스크림에듀,289010,KQ
2147,아이텍,119830,KQ
2148,아이티엠반도체,084850,KQ
2149,알로이스,297570,KQ
2150,양지사,030960,KQ
2151,얼라인드,238120,KQ
2152,에스씨디,042110,KQ
2153,에스에프에이,056190,KQ
2154,에스텍,069510,KQ
2155,에스폴리텍,050760,KQ
2156,에스피시스템스,317830,KQ
2157,에이디테크놀로지,200710,KQ
2158,에이치엘비생명과학,067630,KQ
2159,에이치엘비파워,043220,KQ
2160,에치에프알,230240,KQ
2161,엔에이치스팩14호,319400,KQ
2162,엔에이치스팩16호,353190,KQ
2163,엘앤씨바이오,290650,KQ
2164,엘앤에프,066970,KQ
2165,엘티씨,170920,KQ
2166,엠투엔,033310,KQ
2167,영우디에스피,143540,KQ
2168,영풍정밀,036560,KQ
2169,예선테크,250930,KQ
2170,오리엔트정공,065500,KQ
2171,오스코텍,039200,KQ
2172,오파스넷,173130,KQ
2173,올릭스,226950,KQ
2174,옴니시스템,057540,KQ
2175,와토스코리아,079000,KQ
2176,우리산업,215360,KQ
2177,우리이앤엘,153490,KQ
2178,우원개발,046940,KQ
2179,위더스제약,330350,KQ
2180,위즈코프,038620,KQ
2181,윈팩,097800,KQ
2182,유비케어,032620,KQ
2183,유안타제3호스팩,287410,KQ
2184,유앤아이,056090,KQ
2185,유진스팩4호,321260,KQ
2186,이노메트리,302430,KQ
2187,이노테라피,246960,KQ
2188,이디티,215090,KQ
2189,이루다,164060,KQ
2190,이매진아시아,036260,KQ
2191,이베스트이안스팩1호,323210,KQ
2192,이씨에스,067010,KQ
2193,이엔드디,101360,KQ
2194,이오테크닉스,039030,KQ
2195,인터로조,119610,KQ
2196,인프라웨어,041020,KQ
2197,인화정공,101930,KQ
2198,자연과환경,043910,KQ
2199,정산애강,022220,KQ
2200,제이브이엠,054950,KQ
2201,제이엔케이히터,126880,KQ
2202,제일테크노스,038010,KQ
2203,제테마,216080,KQ
2204,지어소프트,051160,KQ
2205,지에스이,053050,KQ
2206,지엔원에너지,270520,KQ
2207,지와이커머스,111820,KQ
2208,진양제약,007370,KQ
2209,차바이오텍,085660,KQ
2210,천랩,311690,KQ
2211,케어젠,214370,KQ
2212,케이맥,043290,KQ
2213,케이엘넷,039420,KQ
2214,케이프이에스제4호,347140,KQ
2215,코렌텍,104540,KQ
2216,코리아나,027050,KQ
2217,코스맥스엔비티,222040,KQ
2218,코오롱티슈진,950160,KQ
2219,코콤,015710,KQ
2220,큐에스아이,066310,KQ
2221,크루셜텍,114120,KQ
2222,크리스에프앤씨,110790,KQ
2223,테스,095610,KQ
2224,텔레칩스,054450,KQ
2225,텔레필드,091440,KQ
2226,톱텍,108230,KQ
2227,티비씨,033830,KQ
2228,티플랙스,081150,KQ
2229,파나진,046210,KQ
2230,파이오링크,170790,KQ
2231,포비스티앤씨,016670,KQ
2232,포시에스,189690,KQ
2233,푸른기술,094940,KQ
2234,프럼파스트,035200,KQ
2235,플리토,300080,KQ
2236,피엔케이피부임상연구센타,347740,KQ
2237,피제이전자,006140,KQ
2238,하림,136480,KQ
2239,하이록코리아,013030,KQ
2240,하이비젼시스템,126700,KQ
2241,하츠,066130,KQ
2242,한국기업평가,034950,KQ
2243,한국정보공학,039740,KQ
2244,한네트,052600,KQ
2245,한라IMS,092460,KQ
2246,한양이엔지,045100,KQ
2247,한프,066110,KQ
2248,해성산업,034810,KQ
2249,해성옵틱스,076610,KQ
2250,행남사,008800,KQ
2251,홈센타홀딩스,060560,KQ
2252,힘스,238490,KQ
