,name,BS
0,DSR,0.0
1,GS글로벌,-0.15137614678899086
2,HDC현대산업개발,0.0
3,KG케미칼,0.0
4,LG이노텍,0.0
5,LG전자,0.0
6,LG헬로비전,0.0
7,OCI,0.4048042704626335
8,S&TC,0.0
9,S&T모티브,0.0
10,SK이노베이션,-0.3089005235602094
11,STX,0.2924457741211668
12,WISCOM,0.25668449197860965
13,YG PLUS,0.0
14,갤럭시아에스엠,0.0
15,고려아연,0.0
16,극동유화,0.0
17,까뮤이앤씨,-0.2548656163113994
18,대덕,-0.2495412844036697
19,대덕전자,0.0
20,대영포장,-0.013888888888888895
21,대한유화,0.0
22,동아쏘시오홀딩스,0.0
23,두산,-0.2769607843137255
24,두산밥캣,0.0
25,락앤락,0.0
26,마니커,-0.4038341581070404
27,만도,0.0
28,메리츠증권,0.0
29,모두투어리츠,0.11284046692607005
30,부국증권,0.0
31,삼성SDI,0.0
32,삼성엔지니어링,0.0
33,삼성중공업,0.0
34,삼성출판사,0.4026315789473684
35,삼성화재해상보험,0.0
36,삼양식품,0.0
37,삼양홀딩스,0.0
38,삼영전자공업,0.0
39,삼영화학공업,0.11497005988023952
40,상상인증권,-0.05181347150259067
41,선도전기,0.0
42,선진,0.0
43,세방전지,0.0
44,세원셀론텍,0.0
45,신한알파리츠,0.0
46,신한지주,0.0
47,쌍용자동차,0.0
48,에넥스,0.0
49,영화금속,-0.2603938730853392
50,윌비스,-0.25925925925925924
51,유나이티드,0.0
52,인지컨트롤스,0.0
53,인터지스,-0.150392017106201
54,일성건설,0.0
55,일진다이아,-0.2356608478802993
56,제일약품,0.0
57,제일연마,0.0
58,제일파마홀딩스,0.0
59,조흥,0.0
60,지역난방공사,-0.15480427046263345
61,진도,0.0
62,코오롱인더,0.0
63,키다리스튜디오,0.0
64,태경산업,0.0
65,태양금속공업,0.0
66,포스코강판,-0.021276595744680854
67,필룩스,0.0
68,한국공항,0.0
69,한국종합기술,0.18313253012048192
70,한국철강,0.0
71,한국패러랠,0.0
72,한라홀딩스,-0.21225071225071224
73,한미약품,0.0
74,한솔로지스틱스,0.0
75,한일철강,0.0
76,한일현대시멘트,0.0
77,한창제지,0.0
78,한화생명,0.0
79,한화시스템,0.0
80,현대건설,0.0
81,현대건설기계,-0.21419518377693286
82,현대모비스,-0.3436754176610978
83,현대비앤지스틸,-0.4009983361064892
84,현대엘리베이터,0.0
85,현대차증권,-0.2402464065708419
86,현대홈쇼핑,0.20292504570383912
87,호전실업,0.0
88,CJ CGV,0.0
89,HDC현대EP,0.0
90,JW홀딩스,0.0
91,KB금융,-0.22342064714946072
92,SG충방,-0.321656050955414
93,금강공업,0.0
94,금호산업,0.0
95,금호전기,0.0
96,기업은행,0.0
97,남선알미늄,0.0
98,남성,0.0
99,넷마블,0.0
100,대구백화점,0.2169344870210136
101,대우건설,0.0
102,대원제약,0.0
103,대한방직,-0.029931972789115642
104,대한제당,0.0
105,대한해운,0.0
106,대현,-0.4530612244897959
107,덕양산업,0.0
108,동원금속,0.3076923076923077
109,두산인프라코어,0.21892189218921893
110,디씨엠,0.0
111,디티알오토모티브,0.0
112,롯데손해보험,0.0
113,롯데칠성음료,0.0
114,롯데하이마트,-0.4838709677419355
115,미래에셋생명,0.0
116,미원홀딩스,0.5067423704755145
117,백산,-0.2952586206896552
118,보락,0.1572052401746725
119,사조대림,0.0
120,사조동아원,0.0
121,서원,0.0
122,세방,0.0
123,세아홀딩스,0.0
124,세이브존I&C,0.22771084337349398
125,신송홀딩스,0.0
126,신일전자,0.0
127,써니전자,0.0
128,아이마켓코리아,-0.1536050156739812
129,아이에이치큐,0.0
130,에이블씨엔씨,0.0
131,엔씨소프트,0.0
132,영보화학,0.24455825864276567
133,영진약품,-0.2579726651480638
134,영풍,0.0
135,예스코홀딩스,0.0
136,유니온머티리얼,0.0
137,유유제약,0.0
138,유한양행,0.0
139,이마트,0.0
140,이수화학,0.0
141,이스타코,0.0
142,인천도시가스,-0.20422535211267606
143,일정실업,0.0
144,종근당홀딩스,0.0
145,지엠비코리아,0.0
146,진원생명과학,0.2346950071958375
147,컨버즈,0.0
148,케이씨텍,0.0
149,코리아써키트,0.0
150,코스모화학,0.0
151,코아스,0.0
152,코오롱플라스틱,0.0
153,쿠쿠홀딩스,0.0
154,큐로,0.0
155,티비에이치글로벌,0.0
156,폴루스바이오팜,0.0
157,하이트론씨스템즈,0.0
158,한국금융지주,0.0
159,한국전자홀딩스,0.0
160,한국타이어앤테크놀로지,0.0
161,한국테크놀로지그룹,0.17144741180349488
162,한국토지신탁,0.0
163,한국특수형강,0.0
164,한화솔루션,0.0
165,해태제과식품,0.0
166,현대에너지솔루션,0.0
167,현대에이치씨엔,0.0
168,현대위아,0.23097112860892388
169,현대코퍼레이션홀딩스,0.49744897959183676
170,호텔신라,0.0
171,화승인더스트리,0.0
172,화천기공,0.2028985507246377
173,환인제약,0.0
174,효성,0.0
175,효성화학,0.0
176,흥아해운,0.0
177,BGF리테일,-0.6198347107438016
178,BNK금융지주,0.0
179,CJ제일제당,0.0
180,DRB동일,0.0
181,GS건설,0.0
182,HDC아이콘트롤스,0.17444717444717445
183,KPX케미칼,0.4437869822485207
184,KTis,0.0
185,LG상사,0.0
186,MH에탄올,0.0
187,SBS,0.0
188,SBS미디어홀딩스,0.0
189,SK텔레콤,0.0
190,강원랜드,0.0
191,교보증권,0.0
192,국제약품,0.0
193,금양,0.0
194,금호에이치티,0.0
195,남해화학,0.0
196,넥센타이어,-0.33223684210526316
197,녹십자홀딩스,0.0
198,농심홀딩스,0.0
199,다스코,0.18466353677621283
200,대림건설,-0.1766304347826087
201,대웅제약,0.0
202,더존비즈온,0.0
203,동방아그로,-0.5526315789473685
204,동서,0.0
205,동성코퍼레이션,0.0
206,동양,0.0
207,동양생명,0.29721362229102166
208,동원산업,0.0
209,두산퓨얼셀,0.2541292827818371
210,디아이,0.0
211,디와이,-0.3447880870561283
212,디피씨,0.0
213,롯데정밀화학,0.0
214,롯데정보통신,0.0
215,맥쿼리인프라,0.0
216,메타랩스,0.5670103092783505
217,명문제약,0.0
218,모토닉,-0.23242688558234992
219,미래에셋맵스리츠,0.0
220,미원화학,0.0
221,범양건영,0.0
222,베트남개발1,0.0
223,빙그레,0.0
224,삼성에스디에스,-0.21354166666666666
225,삼성증권,0.0
226,삼성카드,-0.19285714285714287
227,삼양통상,0.0
228,삼영무역,0.0
229,삼정펄프,0.0
230,샘표식품,-0.3685714285714286
231,서연이화,-0.2938271604938272
232,성보화학,-0.4344262295081967
233,세아제강,-0.31271960646521435
234,센트랄모텍,0.0
235,송원산업,-0.21476510067114093
236,신성이엔지,0.0
237,신세계인터내셔날,-0.2980769230769231
238,신세계푸드,0.0
239,신화실업,-0.1702127659574468
240,씨아이테크,0.0
241,아세아시멘트,0.0
242,애경산업,-0.030927835051546393
243,엔에이치엔,0.0
244,유니켐,0.0
245,유화증권,0.0
246,이구산업,0.0
247,이월드,-0.5215311004784688
248,일성신약,0.0
249,제이에스코퍼레이션,0.0
250,제이준코스메틱,0.0
251,조비,0.0
252,조선선재,0.0
253,종근당바이오,0.0
254,진양화학,0.0
255,케이탑리츠,0.16891891891891891
256,코람코에너지리츠,0.0
257,코스모신소재,0.0
258,코웨이,0.0
259,쿠쿠홈시스,-0.2725409836065574
260,키위미디어그룹,-1.0
261,태평양물산,0.0
262,테이팩스,0.0
263,텔코웨어,0.0
264,티와이홀딩스,0.0
265,팜스코,0.0
266,퍼시스,0.0
267,포스코케미칼,0.13186029935851745
268,풍산홀딩스,0.0
269,하이스틸,0.0
270,하이트진로,0.0
271,한국석유공업,0.0
272,한국수출포장공업,0.1891891891891892
273,한국자산신탁,0.0
274,한국주강,0.0
275,한국콜마홀딩스,0.0
276,한미사이언스,0.49851632047477745
277,한샘,0.0
278,한솔홀딩스,0.0
279,한신기계공업,0.11637931034482758
280,한화,0.0
281,한화에어로스페이스,0.0
282,현대자동차,0.0
283,효성 ITX,0.0
284,휴니드테크놀러지스,0.0
285,CJ대한통운,0.0
286,DSR제강,0.18633540372670807
287,GKL,0.0
288,JW중외제약,0.0
289,KPX홀딩스,-0.19961612284069097
290,KSS해운,-0.2665764546684709
291,LF,-0.16929133858267717
292,LG하우시스,0.43304347826086953
293,LG화학,-0.0728862973760933
294,LIG넥스원,0.0
295,LS,0.0
296,NAVER,0.0
297,NICE,0.23529411764705885
298,NI스틸,0.0
299,SH에너지화학,0.0
300,SK증권,0.0
301,SK하이닉스,0.0
302,경인양행,0.06349206349206349
303,경인전자,0.23817034700315456
304,국보,0.0
305,기신정기,0.0
306,녹십자,0.0
307,대교,0.0
308,대동전자,0.0
309,대림비앤코,-0.508182601205857
310,대양금속,0.2545454545454545
311,대창,0.0
312,동국제강,0.0
313,동양물산기업,0.0
314,동화약품,0.0
315,두산솔루스,0.0
316,두산중공업,-0.25721657797129494
317,디아이동일,-0.21525885558583105
318,디아이씨,0.0
319,롯데관광개발,-0.6734006734006734
320,롯데케미칼,-0.08854166666666667
321,맵스리얼티1,0.0
322,무학,0.47927927927927927
323,미래아이앤지,0.0
324,바다로19호,0.0
325,부산주공,0.0
326,비케이탑스,0.0
327,빅히트,0.0
328,사조씨푸드,0.0
329,삼성물산,-0.29015544041450775
330,삼성바이오로직스,0.0
331,삼성전자,0.0
332,삼성제약,0.0
333,삼원강재,0.0
334,삼익THK,0.0
335,삼일제약,0.0
336,삼진제약,0.0
337,삼화왕관,0.0
338,서연,-0.0141314703080343
339,선창산업,0.41789354473386187
340,성신양회,0.0
341,세기상사,0.0
342,세아특수강,-0.20833333333333334
343,세우글로벌,0.0
344,세원정공,0.0
345,세진중공업,0.07362145862508325
346,세화아이엠씨,0.0
347,셀트리온,0.0
348,신라교역,0.0
349,신성통상,0.22347066167290885
350,신세계,0.23952095808383234
351,아모레퍼시픽,0.053691275167785234
352,아세아,-0.18664047151277013
353,아이에스동서,0.0
354,에스제이엠,0.0
355,에이리츠,0.0
356,에이엔피,0.0
357,엔케이,0.0
358,엔피씨,0.0
359,영원무역,0.0
360,영원무역홀딩스,0.0
361,우리들휴브레인,0.0
362,우신시스템,0.0
363,우진,-0.19634263715110684
364,우진플라임,0.0
365,유니드,-0.2585551330798479
366,유진증권,0.0
367,이건산업,-0.3795180722891566
368,이노션,0.0
369,이연제약,0.0
370,인스코비,0.0
371,잇츠한불,0.0
372,조광페인트,0.0
373,조선내화,0.14754098360655737
374,지누스,-0.21543985637342908
375,진에어,0.0
376,참엔지니어링,0.0
377,케이씨씨글라스,0.0
378,코리아오토글라스,0.0
379,코오롱글로벌,0.0
380,키움증권,-0.2771996215704825
381,태경케미컬,-0.20297951582867785
382,토니모리,0.0
383,페이퍼코리아,0.0
384,포스코,0.0
385,하나제약,0.0
386,한국쉘석유,-0.22950819672131148
387,한국화장품제조,0.0
388,한미글로벌,0.0
389,한솔피엔에스,0.0
390,한양증권,0.0
391,한진중공업,0.29534883720930233
392,한진중공업홀딩스,0.0
393,현대일렉트릭,0.0
394,현대제철,0.0
395,황금에스티,0.0
396,AJ네트웍스,0.0
397,AK홀딩스,-0.3829787234042553
398,CJ,0.0
399,CJ씨푸드,0.0
400,DB금융투자,-0.1574468085106383
401,DGB금융지주,0.0
402,E1,-0.005940594059405946
403,F&F,0.0
404,KC코트렐,-0.22142343637670742
405,KEC,0.0
406,KISCO홀딩스,0.0
407,LG,0.0
408,LG디스플레이,0.0
409,LS전선아시아,0.0
410,NH프라임리츠,0.0
411,S&T중공업,0.13555555555555557
412,S&T홀딩스,-0.6382978723404256
413,S-Oil,0.5172413793103449
414,SK네트웍스,0.0
415,SK케미칼,-0.267474871480089
416,경동인베스트,0.0
417,계룡건설산업,0.0
418,국동,0.0
419,남양유업,0.0
420,노루페인트,0.0
421,대상,0.0
422,대성홀딩스,0.2815884476534296
423,대한제강,0.0
424,대호에이엘,0.0
425,덕성,0.0
426,덴티움,0.0
427,동원F&B,0.0
428,롯데제과,0.0
429,만호제강,0.0
430,모나미,0.0
431,문배철강,0.0
432,미창석유공업,0.5702479338842975
433,백광산업,0.0
434,벽산,0.0
435,부국철강,0.0
436,부산도시가스,-0.07876230661040788
437,비비안,0.0
438,비상교육,0.0
439,사조산업,0.0
440,삼성공조,0.0
441,삼성생명,0.27611940298507465
442,삼성전기,0.0
443,삼양사,0.0
444,삼양패키징,0.0
445,삼일씨엔에스,0.0
446,삼화전기,0.0
447,샘표,0.0
448,서흥,0.0
449,세하,0.0
450,수산중공업,0.09239130434782608
451,신세계I&C,0.0
452,신세계건설,-0.4041994750656168
453,신영와코루,0.0
454,신영증권,0.0
455,신원,0.0
456,신풍제지,0.0
457,아주캐피탈,0.0
458,에스엘,0.0
459,에이프로젠 KIC,0.0
460,엘브이엠씨,0.12149532710280374
461,엘에스일렉트릭,0.0
462,오리온,0.0
463,우리금융지주,0.0
464,우성사료,-0.15
465,웰바이오텍,0.0
466,유니온,-0.22098214285714285
467,유안타증권,-0.22863741339491916
468,일진전기,0.0
469,조광피혁,0.0
470,조일알미늄,-0.3539518900343643
471,진흥기업,0.0
472,카카오,0.0
473,케이씨티시,0.0
474,케이티,0.0
475,코리안리,-0.24031007751937986
476,코스맥스비티아이,-0.13680154142581888
477,코오롱머티리얼,0.0
478,크라운제과,0.0
479,크라운해태홀딩스,0.0
480,태림포장,-0.19832826747720364
481,태원물산,0.0
482,티에이치엔,0.0
483,팬오션,0.0
484,평화산업,0.0
485,하나투어,0.0
486,하이골드12호,0.0
487,한국프랜지공업,0.0
488,한독,-0.1282051282051282
489,한세엠케이,0.050505050505050504
490,한솔제지,0.0
491,한솔케미칼,-0.201949860724234
492,한솔테크닉스,-0.5901234567901235
493,한온시스템,0.0
494,한진,0.0
495,해성디에스,0.0
496,현대리바트,0.0
497,현대백화점,0.0
498,형지엘리트,0.0
499,혜인,0.0
500,화성산업,0.0
501,휴비스,0.0
502,CS홀딩스,0.7308868501529052
503,DB,0.0
504,GS리테일,0.0
505,HDC,0.0
506,JW생명과학,0.0
507,KC그린홀딩스,-0.258974358974359
508,KR모터스,0.2426995457495133
509,LG유플러스,0.0
510,SPC삼립,0.0
511,경농,0.0
512,경동도시가스,0.0
513,경방,-0.8481012658227848
514,고려제강,0.0
515,광동제약,0.0
516,광주신세계,0.0
517,국도화학,0.0
518,금비,0.0
519,금호타이어,0.0
520,대림산업,0.0
521,대림통상,0.0
522,대신증권,0.0
523,대웅,0.0
524,대원강업,0.0
525,대원전선,0.0
526,대원화성,0.0
527,대유에이텍,0.0
528,더블유게임즈,0.0
529,동부건설,-0.24087591240875914
530,동성제약,0.0
531,동양고속,-0.6878980891719745
532,동양철관,0.0
533,동원수산,0.0
534,롯데쇼핑,0.3081395348837209
535,메리츠화재,0.0
536,미원에스씨,-0.3007299270072993
537,부광약품,0.0
538,부산산업,0.0
539,비티원,0.0
540,삼광글라스,0.0
541,삼익악기,-0.36428571428571427
542,삼천리,0.0
543,서울식품공업,0.0
544,성창기업지주,0.19525547445255476
545,세종공업,0.0
546,센트럴인사이트,0.0
547,시디즈,0.0
548,신도리코,-0.15686274509803919
549,아모레퍼시픽그룹,0.0
550,아시아나IDT,0.0
551,아시아나항공,0.379182156133829
552,알루코,0.16873889875666073
553,에스제이엠홀딩스,0.0
554,엔에스쇼핑,0.0
555,오뚜기,0.0
556,유성기업,0.0
557,유양디앤유,0.0
558,이리츠코크렙,-0.22641509433962265
559,이수페타시스,0.0
560,이아이디,0.0
561,인디에프,0.0
562,일동홀딩스,0.0
563,일진홀딩스,-0.27703984819734345
564,자이에스앤디,0.0
565,자화전자,0.0
566,전방,0.0
567,제이알글로벌리츠,0.0
568,제이콘텐트리,0.0
569,제일기획,0.18604651162790697
570,지투알,0.0
571,진양폴리우레탄,0.0
572,케이씨씨,0.0
573,코스맥스,0.0
574,콤텍시스템,0.0
575,태경비케이,-0.23412698412698413
576,티웨이항공,0.0
577,퍼스텍,0.0
578,포스코인터내셔널,0.0
579,하이골드3호,0.0
580,한국ANKOR유전,0.0
581,한국내화,0.0
582,한국주철관공업,0.2254697286012526
583,한국콜마,0.0
584,한국화장품,0.0
585,한라,-0.23724137931034484
586,한미반도체,0.0
587,한섬,-0.12169312169312169
588,한세실업,0.0
589,한솔홈데코,0.0
590,한올바이오파마,0.04903677758318739
591,한전산업,0.0
592,한화손해보험,0.0
593,핸즈코퍼레이션,0.0
594,현대오토에버,0.0
595,화승엔터프라이즈,0.0
596,화인베스틸,0.0
597,화천기계,0.0
598,효성첨단소재,0.0
599,후성,0.0
600,휠라홀딩스,0.0
601,휴스틸,0.0
602,BGF,0.0
603,DB하이텍,0.0
604,HSD엔진,0.14121037463976946
605,KG동부제철,0.0
606,KTB투자증권,0.0
607,KTcs,-0.052147239263803685
608,LG생활건강,0.0
609,SG세계물산,0.0
610,SIMPAC,0.0
611,SKC,0.0
612,SK가스,0.0
613,SK디앤디,0.0
614,SK렌터카,0.0
615,STX엔진,0.0
616,STX중공업,0.0
617,TCC스틸,0.0
618,가온전선,0.0
619,경보제약,0.0
620,계양전기,0.0
621,고려산업,0.0
622,광전자,0.0
623,기아자동차,0.0
624,넥센,-0.22530864197530864
625,넥스트사이언스,0.010025062656641603
626,농심,0.0
627,다우기술,0.0
628,대성산업,-0.3344768439108062
629,대유플러스,0.0
630,대한전선,0.0
631,대한제분,0.0
632,대한항공,0.15112540192926044
633,대한화섬,0.0
634,동남합성,0.0
635,동방,0.0
636,동아타이어,0.0
637,동양피스톤,0.0
638,동원시스템즈,0.0
639,디와이파워,-0.00258843830888697
640,롯데리츠,-0.057692307692307696
641,메리츠금융지주,0.0
642,무림P&P,-0.39215686274509803
643,미원상사,0.5857338820301783
644,방림,0.0
645,보령제약,0.0
646,사조오양,0.0
647,삼아알미늄,0.0
648,삼호개발,0.0
649,삼화전자공업,-0.29555895865237364
650,삼화페인트공업,-0.2523020257826888
651,새론오토모티브,-0.22203672787979967
652,성문전자,0.0
653,세아베스틸,0.27208480565371024
654,세아제강지주,0.0
655,신풍제약,0.0
656,쌍방울,0.0
657,쌍용양회공업,0.0
658,씨에스윈드,-0.1682229767968308
659,아남전자,0.0
660,아세아제지,-0.24845995893223818
661,애경유화,-0.2960199004975124
662,에쓰씨엔지니어링,0.0
663,에어부산,0.0
664,엔케이물산,0.22897196261682243
665,영흥,0.0
666,오리엔트바이오,0.0
667,오리온홀딩스,0.0
668,용평리조트,0.0
669,웅진,0.0
670,원림,0.0
671,유니퀘스트,0.0
672,이엔플러스,0.0
673,이지스밸류플러스리츠,0.0
674,일동제약,0.0
675,일신석재,0.40070921985815605
676,일양약품,-0.12755716004813478
677,주연테크,0.0
678,지코,0.0
679,진양산업,-0.21159029649595687
680,케이비아이동국실업,0.0
681,케이씨,0.0
682,케이티스카이라이프,0.08168028004667444
683,코오롱,0.0
684,티웨이홀딩스,0.0
685,파미셀,0.0
686,평화홀딩스,0.0
687,풀무원,0.0
688,하이트진로홀딩스,0.0
689,한국단자공업,0.0
690,한국조선해양,0.1292517006802721
691,한국카본,0.0
692,한농화성,0.0
693,한신공영,0.0
694,한익스프레스,0.0
695,한전기술,-0.26291079812206575
696,한화투자증권,0.0
697,현대글로비스,0.0
698,현대중공업지주,0.0
699,현대해상,-0.052941176470588235
700,화승알앤에이,0.0
701,효성중공업,0.0
702,효성티앤씨,0.0
703,BYC,0.0
704,DB손해보험,-0.2033898305084746
705,GS,-0.5
706,HMM,0.0
707,JB금융지주,-0.20021762785636563
708,LS네트웍스,-0.14163090128755365
709,NH투자증권,0.0
710,SK,0.0
711,SK디스커버리,0.24183006535947713
712,강남제비스코,0.0
713,경동나비엔,0.0
714,광명전기,-0.21656050955414013
715,그린케미칼,0.0
716,금호석유화학,0.0
717,깨끗한나라,0.0
718,남광토건,0.0
719,노루홀딩스,0.0
720,대동공업,0.0
721,대상홀딩스,0.0
722,대성에너지,0.0
723,대우부품,0.0
724,대우조선해양,0.0
725,대창단조,-0.26008344923504867
726,도화엔지니어링,0.0
727,동성화학,0.0
728,동아에스티,0.0
729,동아지질,0.0
730,동일고무벨트,0.07984790874524715
731,동일산업,0.0
732,동일제강,0.0
733,두올,0.0
734,드림텍,0.0
735,롯데지주,0.0
736,롯데푸드,0.0
737,모나리자,0.0
738,무림페이퍼,-0.33850129198966405
739,미래산업,0.29122396051200533
740,미래에셋대우,-0.2671156004489338
741,보해양조,0.0
742,삼부토건,0.0
743,삼화콘덴서공업,0.0
744,상신브레이크,0.0
745,서울도시가스,0.0
746,성안,0.0
747,신대양제지,0.09142857142857143
748,신흥,-0.264346190028222
749,쎌마테라퓨틱스,0.0
750,에스원,0.0
751,에스케이바이오팜,0.0
752,에이프로젠제약,0.0
753,영풍제지,0.0
754,우리들제약,0.0
755,우리종금,0.18
756,우진아이엔에스,0.0
757,웅진씽크빅,-0.4892857142857143
758,유수홀딩스,0.0
759,유엔젤,0.0
760,율촌화학,-0.07391304347826087
761,이지스레지던스리츠,0.0
762,이화산업,-0.3299492385786802
763,인팩,0.0
764,일신방직,0.7208672086720866
765,일진디스플,0.0
766,일진머티리얼즈,0.0
767,제주은행,0.0
768,제주항공,0.0
769,종근당,-0.25287356321839083
770,진양홀딩스,0.0
771,천일고속,0.0
772,체시스,0.0
773,카프로,0.0
774,케이티앤지,-0.3583617747440273
775,태광산업,-0.6330935251798562
776,태영건설,-0.2439726743607397
777,풍산,0.0
778,하나금융지주,0.0
779,한국가스공사,0.0
780,한국전력공사,0.27624309392265195
781,한국항공우주,0.0
782,한성기업,0.0
783,한세예스24홀딩스,-0.2680161943319838
784,한일시멘트,0.0
785,한일홀딩스,0.0
786,한전KPS,0.0
787,한진칼,-0.11842105263157894
788,한창,0.0
789,현대그린푸드,-0.12260536398467432
790,현대로템,0.0
791,현대미포조선,0.0
792,현대약품,0.0
793,현대종합상사,0.0
794,화신,0.0
795,휴켐스,0.32023289665211063
796,흥국화재,0.0
797,CJ프레시웨이,0.0
798,EDGC,0.0
799,GST,0.0
800,GS홈쇼핑,0.0
801,IBKS제13호스팩,0.0
802,ITX-AI,0.0
803,JW신약,0.0
804,KB오토시스,-0.09941520467836257
805,KH바텍,0.0
806,SK5호스팩,1.0
807,SK6호스팩,0.0
808,TJ미디어,-0.24
809,YW,0.0
810,경창산업,0.0
811,고려시멘트,0.0
812,골프존,0.0
813,교보8호스팩,-0.1267605633802817
814,국순당,0.0
815,그리티,0.0
816,나노브릭,0.0
817,나스미디어,-0.27893175074183973
818,네오티스,0.0
819,네이처셀,0.0
820,녹십자셀,0.0
821,뉴인텍,0.0
822,뉴프렉스,0.0
823,대봉엘에스,0.0
824,대유,0.0
825,대유에이피,0.12781954887218044
826,대주산업,0.0
827,대한그린파워,0.0
828,대한약품,0.0
829,동구바이오제약,0.0
830,동방선기,0.0
831,디에이테크놀로지,0.0
832,디에이피,-0.30066145520144316
833,디엔에이링크,0.0
834,디엔에프,0.0
835,디오,0.0
836,디오스텍,0.0
837,디지탈옵틱,0.0
838,디지틀조선,0.0
839,룽투코리아,0.0
840,링크제니시스,0.0
841,메디톡스,0.48534201954397393
842,메이슨캐피탈,0.0
843,메탈라이프,0.0
844,모비스,0.0
845,모트렉스,-0.11722222222222223
846,미래SCI,0.0
847,미스터블루,0.0
848,미코바이오메드,0.0
849,바디텍메드,0.0
850,바이넥스,0.0
851,브랜드엑스코퍼레이션,0.0
852,삼보판지,0.18568994889267462
853,삼본전자,0.0
854,삼아제약,-0.3501577287066246
855,상지카일룸,0.0
856,서암기계공업,0.0
857,성창오토텍,0.0
858,세보엠이씨,0.0
859,세종메디칼,0.0
860,세코닉스,0.0
861,셀루메드,0.0
862,셀바스헬스케어,0.0
863,셀트리온제약,0.0
864,스튜디오산타클로스,0.0
865,스페코,0.0
866,승일,0.0
867,심텍,-0.2555746140651801
868,쌍용정보통신,0.0
869,씨유메디칼,0.0
870,씨케이에이치,0.0
871,아나패스,0.0
872,아바텍,0.0
873,아이센스,0.0
874,아이씨디,0.0
875,아이씨케이,0.0
876,아이오케이,0.0
877,아이원스,-0.32643202208419597
878,아이즈비전,0.0
879,아이티센,0.0
880,알리코제약,0.0
881,알에프세미,0.0
882,알에프텍,0.0
883,애니플러스,0.0
884,에스아이리소스,0.0
885,에스에너지,0.0
886,에스코넥,0.0
887,에쎈테크,0.0
888,에이루트,-0.21466731423020885
889,에이티넘인베스트,0.0
890,엑세스바이오,0.23457493133248475
891,엑시콘,0.0
892,엔투텍,0.0
893,엔피케이,0.0
894,엠게임,0.1875
895,엠벤처투자,0.0
896,엠씨넥스,0.0
897,영화테크,0.0
898,오공,0.0
899,오스템임플란트,-0.24283305227655985
900,오픈베이스,-0.1972318339100346
901,옵티시스,0.0
902,와이지-원,-0.19174041297935104
903,우리바이오,-0.2575957727873184
904,원익QnC,0.0
905,원익큐브,0.0
906,원풍물산,0.0
907,웨이브일렉트로,0.0
908,웰크론,0.0
909,위드텍,0.0
910,위지트,-0.24021739130434783
911,유니온커뮤니티,0.0
912,유니테크노,0.0
913,유비쿼스홀딩스,0.0
914,유신,0.0
915,유안타제5호스팩,0.0
916,유진스팩5호,0.92
917,유테크,0.0
918,유티아이,0.0
919,이스트소프트,0.0
920,이스트아시아홀딩스,0.0
921,이엠넷,-0.30242360379346683
922,이지바이오,0.0
923,이지웰,0.2964352720450281
924,인베니아,0.0
925,인텍플러스,0.0
926,자비스,0.21428571428571427
927,자이글,-0.2634146341463415
928,장원테크,-0.521891418563923
929,정상제이엘에스,0.0
930,제우스,0.0
931,제이엠티,0.0
932,제이웨이,-0.611764705882353
933,제일제강,0.0
934,제주반도체,0.0
935,젬백스,0.0
936,조아제약,0.0
937,주성엔지니어링,0.0
938,지엔씨에너지,0.0
939,지엔코,0.0
940,캐스텍코리아,0.0
941,케이비제20호스팩,0.0
942,케이피엠테크,-0.05534142971420264
943,케이피티유,0.0
944,켄코아에어로스페이스,0.0
945,코렌,0.0
946,코윈테크,0.0
947,코프라,-0.25635103926096997
948,키네마스터,0.0
949,토탈소프트,0.2606837606837607
950,투비소프트,0.0
951,트루윈,0.1641337386018237
952,특수건설,0.0
953,티앤알바이오팹,0.0
954,티에스이,0.0
955,파세코,0.0
956,파커스,0.0
957,패션플랫폼,0.0
958,푸드웰,0.0
959,프로스테믹스,0.0
960,피델릭스,-0.14919354838709678
961,피에스엠씨,0.0
962,하나금융15호스팩,0.0
963,하이즈항공,0.0
964,한국맥널티,0.0
965,한국코퍼레이션,0.0
966,한양디지텍,0.0
967,한일화학,0.04128440366972477
968,해덕파워웨이,0.0
969,현대바이오,0.0
970,화성밸브,0.0
971,휴림로봇,0.0
972,휴맥스,0.0
973,휴온스글로벌,0.0
974,APS홀딩스,0.0
975,CJ ENM,0.0
976,CMG제약,-0.3852739726027397
977,CS,0.0
978,CSA 코스믹,0.0
979,EG,0.0
980,HRS,0.0
981,NICE평가정보,0.0
982,PN풍년,0.0
983,SCI평가정보,0.0
984,SM C&C,0.0
985,UCI,0.0
986,감마누,0.0
987,강스템바이오텍,0.2824074074074074
988,게임빌,0.0
989,경남바이오파마,0.0
990,경남제약헬스케어,0.0
991,고영,0.0
992,광림,0.0
993,국영지앤엠,-0.0637213254035684
994,나노엔텍,0.0
995,나이벡,0.18424479166666666
996,남화토건,0.0
997,네오팜,0.0
998,넥스턴,0.2516914749661705
999,넵튠,0.0
1000,노바렉스,-0.1326923076923077
1001,녹원씨엔아이,-0.4
1002,누리텔레콤,0.0
1003,뉴파워프라즈마,0.0
1004,대성파인텍,0.0
1005,대아티아이,0.0
1006,대주전자재료,0.0
1007,대창솔루션,0.0
1008,덕산네오룩스,0.0
1009,데브시스터즈,0.0
1010,동아엘텍,0.22570532915360503
1011,드래곤플라이,0.0
1012,디알텍,0.0
1013,디엠티,0.0
1014,딜리,0.0
1015,럭슬,0.0
1016,레드로버,0.0
1017,레드캡투어,0.0
1018,레이언스,0.0
1019,로보로보,0.22332506203473945
1020,매일홀딩스,0.0
1021,매직마이크로,0.0
1022,머큐리,0.0
1023,메디앙스,0.0
1024,메타바이오메드,0.0
1025,멕아이씨에스,-0.2144212523719165
1026,모두투어,0.0
1027,무림SP,-0.16136363636363638
1028,미래에셋대우스팩3호,0.0
1029,미래에셋벤처투자,-0.09287925696594428
1030,미코,0.0
1031,부스타,0.0
1032,비즈니스온,0.0
1033,비트컴퓨터,0.0
1034,사람인에이치알,-0.23278688524590163
1035,삼륭물산,0.0
1036,삼양옵틱스,0.18473895582329317
1037,삼영이엔씨,0.0
1038,삼일,0.0
1039,삼일기업공사,0.0
1040,삼지전자,0.22558340535868626
1041,삼진,0.0
1042,삼화네트웍스,0.36075949367088606
1043,상보,0.0
1044,상신이디피,0.0
1045,서린바이오,0.0
1046,서연탑메탈,-0.25954738330975957
1047,서울바이오시스,-0.010869565217391304
1048,서호전기,0.0
1049,성우하이텍,0.0
1050,세경하이테크,0.0
1051,세명전기,0.0
1052,셀바스AI,0.0
1053,손오공,0.0
1054,솔루에타,-0.2097812097812098
1055,수성,0.0
1056,슈프리마,0.0
1057,스튜디오드래곤,0.0
1058,신라에스지,0.0
1059,신라젠,0.0
1060,신영스팩5호,0.0
1061,신한제6호스팩,0.0
1062,아가방컴퍼니,0.0
1063,아래스,0.0
1064,아모텍,0.0
1065,아미코젠,0.0
1066,아이에이,0.0
1067,아이에이네트웍스,0.22509225092250923
1068,아이톡시,0.0
1069,액트로,0.0
1070,에스모,0.0
1071,에스에스알,0.0
1072,에스제이그룹,0.0
1073,에스제이케이,0.0
1074,에스티팜,0.0
1075,에이씨티,0.0
1076,에프알텍,0.0
1077,에프에스티,0.0
1078,엔시트론,0.0
1079,엔에이치스팩14호,0.0
1080,영신금속,0.0
1081,예림당,0.0
1082,오르비텍,0.0
1083,오성첨단소재,0.0
1084,오션브릿지,0.0
1085,우리손에프앤지,0.0
1086,우수AMS,0.0
1087,원일특강,0.0
1088,윈하이텍,0.0
1089,윌링스,0.0
1090,유니테스트,0.0
1091,유바이오로직스,0.0
1092,유안타제6호스팩,0.0
1093,육일씨엔에쓰,0.0
1094,이글루시큐리티,0.0
1095,이글벳,0.0
1096,이녹스,0.0
1097,이랜시스,0.0
1098,이베스트스팩5호,0.0
1099,이에스에이,0.0
1100,이엠앤아이,0.0
1101,이엠텍,0.0
1102,이즈미디어,0.0
1103,이지케어텍,0.0
1104,인선이엔티,0.0
1105,인포마크,0.1707865168539326
1106,인포바인,0.0
1107,인포뱅크,0.0
1108,잉크테크,0.0
1109,전진바이오팜,0.0
1110,정다운,0.0
1111,제놀루션,0.0
1112,제이스텍,0.0
1113,제일바이오,0.32471264367816094
1114,젬백스지오,-0.27129337539432175
1115,조이맥스,0.0
1116,줌인터넷,0.0
1117,지니뮤직,0.0
1118,지니언스,-0.39948453608247425
1119,지란지교시큐리티,-0.2663755458515284
1120,지스마트글로벌,0.0
1121,지티지웰니스,0.0
1122,참좋은여행,0.0
1123,천보,0.0
1124,초록뱀,0.0
1125,컴투스,0.0
1126,케이비제19호스팩,0.0
1127,케이씨피드,0.0
1128,케이엔더블유,0.0
1129,코너스톤네트웍스,0.0
1130,코데즈컴바인,0.0
1131,코메론,0.3319672131147541
1132,코미팜,0.0
1133,코아시아,0.0
1134,코오롱생명과학,0.0
1135,코웰패션,0.0
1136,코위버,0.0
1137,큐브엔터,0.0
1138,크로바하이텍,0.0
1139,크리스탈지노믹스,0.0
1140,클리오,0.0
1141,키움제5호스팩,0.0
1142,테고사이언스,0.0
1143,테라사이언스,0.0
1144,테라젠이텍스,0.0
1145,테스나,0.0
1146,티에스아이,0.0
1147,파루,0.0
1148,파멥신,-0.40398550724637683
1149,파수,0.0
1150,파워로직스,-0.20594965675057209
1151,파인디지털,0.0
1152,팬엔터테인먼트,0.0
1153,펄어비스,-0.023058252427184466
1154,펌텍코리아,0.0
1155,풍강,0.0
1156,플레이디,0.0
1157,피에스텍,0.0
1158,핌스,0.0
1159,하나마이크론,0.0
1160,한국경제TV,0.0
1161,한국바이오젠,0.0
1162,한국비엔씨,0.0
1163,한국아트라스비엑스,-0.17302798982188294
1164,한국알콜,0.0
1165,한국정보인증,0.21131741821396993
1166,한국정보통신,0.0
1167,한국팩키지,0.2680025046963056
1168,한글과컴퓨터,0.0
1169,한일단조,0.0
1170,한컴위드,0.0
1171,한탑,0.0
1172,현진소재,0.0
1173,형지I&C,0.0
1174,휴네시온,0.07124895222129086
1175,휴맥스홀딩스,0.0
1176,흥국에프엔비,0.0
1177,DB금융스팩7호,0.0
1178,EMW,0.0
1179,IBKS제10호스팩,-0.2581648522550544
1180,JTC,0.0
1181,KCC건설,0.0
1182,KCI,-0.24050632911392406
1183,KD,0.0
1184,KG ETS,0.0
1185,KG모빌리언스,0.0
1186,KMH,0.0
1187,NEW,0.11162790697674418
1188,SBI핀테크솔루션즈,0.0
1189,SGA솔루션즈,0.0
1190,SM Life Design,0.0
1191,W홀딩컴퍼니,0.0
1192,교보9호스팩,0.0
1193,나노신소재,0.0
1194,나인테크,0.0
1195,넥스트아이,-0.2441860465116279
1196,넥슨지티,0.0
1197,노터스,0.0
1198,누리플랜,-0.22461752433936022
1199,뉴프라이드,0.0
1200,다산네트웍스,0.0
1201,다원시스,0.0
1202,대명소노시즌,0.0
1203,대신밸런스제6호스팩,-0.6435361216730038
1204,대원산업,0.0
1205,덕신하우징,0.0
1206,데일리블록체인,0.0
1207,덴티스,0.35684647302904565
1208,동신건설,0.25346301208370176
1209,동일기연,0.0
1210,듀오백,0.31601731601731603
1211,디지아이,0.0
1212,디지털대성,0.0
1213,디티앤씨,0.0
1214,라이브플렉스,0.0
1215,램테크놀러지,0.0
1216,레고켐바이오,-0.23059617547806524
1217,로보스타,0.0
1218,리드코프,0.0
1219,메디콕스,0.0
1220,메디포스트,-0.18213058419243985
1221,바이브컴퍼니,0.0
1222,바이오니아,0.0
1223,베뉴지,0.0
1224,베셀,0.0
1225,보라티알,0.0
1226,부방,0.0
1227,브리지텍,0.0
1228,비디아이,0.0
1229,삼진엘앤디,0.0
1230,삼천리자전거,0.0
1231,삼현철강,0.0
1232,상아프론테크,0.0
1233,서산,0.0
1234,서진오토모티브,0.0
1235,성우테크론,0.0
1236,세운메디칼,0.0
1237,세종텔레콤,0.0
1238,소마젠,0.0
1239,솔고바이오,0.0
1240,솔본,0.0
1241,수산아이앤티,0.17546583850931677
1242,슈펙스비앤피,0.0
1243,슈피겐코리아,0.0
1244,스맥,0.0
1245,스카이이앤엠,-0.19488188976377951
1246,시공테크,0.0
1247,시그네틱스,0.0
1248,신도기연,0.0
1249,신테카바이오,0.0
1250,신한제5호스팩,0.0
1251,실리콘웍스,0.0
1252,쎄노텍,0.0
1253,쎄미시스코,0.0
1254,쎄트렉아이,0.0
1255,씨엠에스에듀,0.0
1256,씨큐브,0.0
1257,아비코전자,0.0
1258,아이엠이연이,0.23485364193328795
1259,아주IB투자,0.0
1260,아진산업,0.0
1261,아프리카TV,-0.1206896551724138
1262,알티캐스트,-0.22577319587628866
1263,애니젠,-0.28293736501079914
1264,액션스퀘어,0.0
1265,앤디포스,0.0
1266,앱클론,0.0
1267,에스앤더블류,0.0
1268,에스와이,0.3610816542948038
1269,에스트래픽,0.0
1270,에스퓨얼셀,0.0
1271,에이디칩스,-0.2824074074074074
1272,에이비엘바이오,0.0
1273,에이스침대,0.0
1274,에이스토리,0.0
1275,에이치시티,0.0
1276,에이텍티앤,0.0
1277,엑셈,-0.3215940685820204
1278,엑스큐어,0.0
1279,엔브이에이치코리아,0.0
1280,엔지켐생명과학,0.0
1281,엔케이맥스,0.0
1282,엔텔스,0.0
1283,엘디티,0.15483870967741936
1284,엘아이에스,0.0
1285,엘컴텍,0.0
1286,연우,0.0
1287,영림원소프트랩,0.0
1288,예스티,0.0
1289,오스테오닉,0.0
1290,오텍,0.0
1291,와이즈버즈,0.0
1292,원익머트리얼즈,0.0
1293,원익홀딩스,0.0
1294,원풍,0.0
1295,웹젠,0.0
1296,위닉스,0.0
1297,위메이드,-0.4373795761078998
1298,유비벨록스,0.0
1299,유비쿼스,0.0
1300,유안타제4호스팩,0.0
1301,유진테크,0.0
1302,이건홀딩스,0.16358839050131926
1303,이노와이어리스,0.0
1304,이녹스첨단소재,0.0
1305,이랜텍,0.0
1306,이미지스,0.0
1307,이수앱지스,0.0
1308,인산가,0.0
1309,인성정보,0.0
1310,인탑스,0.0
1311,인터파크,0.2082616179001721
1312,재영솔루텍,0.0
1313,제낙스,0.0
1314,제이티,0.0
1315,진바이오텍,0.03874092009685229
1316,진성티이씨,0.0
1317,카이노스메드,0.0
1318,캐리소프트,0.0
1319,캔서롭,0.0
1320,캠시스,0.0
1321,케이비제18호스팩,0.0
1322,케이엠더블유,0.0
1323,케이피에프,0.0
1324,코닉글로리,-0.4714765100671141
1325,코드네이처,0.0
1326,코리아에셋투자증권,-0.15272244355909695
1327,코미코,0.0
1328,코이즈,-0.23222748815165878
1329,큐브앤컴퍼니,0.0
1330,키이스트,0.0
1331,탑엔지니어링,0.0
1332,태웅로직스,0.580238726790451
1333,텔콘RF제약,0.2438732815301853
1334,토비스,0.0
1335,티라유텍,0.0
1336,티씨케이,0.0
1337,파라다이스,-0.05825242718446602
1338,파버나인,0.0
1339,파워넷,0.0
1340,팍스넷,0.0
1341,프로텍,0.0
1342,피에스케이,0.0
1343,피엔티,0.0
1344,피플바이오,0.0
1345,픽셀플러스,0.3163109756097561
1346,필옵틱스,0.0
1347,하나금융14호스팩,0.0
1348,하나금융16호스팩,0.0
1349,하이제4호스팩,0.0
1350,한국제7호스팩,0.0
1351,한국캐피탈,-0.15920398009950248
1352,한류타임즈,0.0
1353,한일네트웍스,0.0
1354,해마로푸드서비스,0.162227602905569
1355,헬릭스미스,0.0
1356,희림,-0.38405797101449274
1357,DSC인베스트먼트,0.0
1358,KPX생명과학,0.0
1359,NHN벅스,0.0
1360,SDN,0.0
1361,SK4호스팩,0.0
1362,SKC 솔믹스,0.0
1363,SK머티리얼즈,0.0
1364,WI,0.27488151658767773
1365,가비아,0.0
1366,경남스틸,0.0
1367,국일신동,0.16155088852988692
1368,글로벌텍스프리,0.10344827586206896
1369,글로본,0.0
1370,나노,0.0
1371,네오셈,0.0
1372,네오위즈홀딩스,0.0
1373,네이블커뮤니케이션즈,0.0
1374,넥스트BT,0.0
1375,대성미생물,0.0
1376,대신밸런스제7호스팩,-0.7586206896551724
1377,대양전기공업,0.0
1378,대원,0.0
1379,대한뉴팜,0.0
1380,덕산테코피아,0.0
1381,덕산하이메탈,0.0
1382,동국제약,0.0
1383,동진쎄미켐,0.0
1384,디바이스이엔지,0.0
1385,디알젬,0.0
1386,디에스티,0.0
1387,라이브파이낸셜,0.0
1388,라이온켐텍,0.0
1389,레이크머티리얼즈,0.0
1390,로지시스,0.0
1391,릭스솔루션,0.0
1392,링네트,0.0
1393,마이크로프랜드,0.0
1394,메가스터디교육,0.0
1395,모헨즈,0.0
1396,민앤지,0.20363636363636364
1397,바른손이앤에이,0.0
1398,바이온,0.0
1399,베노홀딩스,0.0
1400,비보존 헬스케어,0.2699468085106383
1401,비에이치아이,0.0
1402,새로닉스,0.0
1403,서울반도체,-0.25502008032128515
1404,서울전자통신,0.0
1405,서원인텍,0.224283305227656
1406,선데이토즈,0.0
1407,성호전자,0.0
1408,슈프리마에이치큐,0.0
1409,스타플렉스,0.0
1410,시노펙스,0.0
1411,시스웍,0.0
1412,신원종합개발,-0.23180379746835442
1413,신흥에스이씨,0.0
1414,씨앤지하이테크,0.0
1415,씨티씨바이오,0.0
1416,아스타,0.0
1417,아시아종묘,0.0
1418,아우딘퓨쳐스,0.0
1419,아이엘사이언스,0.0
1420,아이진,0.0
1421,아이큐어,0.21281138790035586
1422,아이크래프트,0.0
1423,안트로젠,0.0
1424,알에스오토메이션,0.0
1425,에스디생명공학,0.0
1426,에스모 머티리얼즈,0.0
1427,에스씨엠생명과학,0.0
1428,에스앤씨엔진그룹,0.0
1429,에스텍파마,0.0
1430,에이비프로바이오,0.0
1431,에이스테크,0.0
1432,에이치엔티,0.0
1433,에이치엘사이언스,0.19696969696969696
1434,에이치엠씨제4호스팩,0.0
1435,에이티세미콘,0.0
1436,에이팩트,0.0
1437,에이프로젠 H&G,0.24821002386634844
1438,에코플라스틱,0.0
1439,엑사이엔씨,-0.3314606741573034
1440,엔에스,0.0
1441,엔에스엔,0.0
1442,엔지스테크널러지,-0.5515587529976019
1443,엔피디,0.0
1444,엘오티베큠,0.0
1445,엠브레인,0.0
1446,엠투아이,0.0
1447,엠플러스,0.0
1448,예스24,0.0
1449,오가닉티코스메틱,0.0
1450,옵트론텍,0.0
1451,옵티팜,0.0
1452,와이솔,0.0
1453,와이아이케이,0.0
1454,우노앤컴퍼니,0.0
1455,우리산업홀딩스,-0.12916666666666668
1456,우림기계,0.25485865724381623
1457,우양,0.0
1458,우진비앤지,-0.261968085106383
1459,원익,0.10526315789473684
1460,유성티엔에스,0.0
1461,유에스티,0.20107719928186715
1462,이노인스트루먼트,0.0
1463,이루온,0.0
1464,이엘피,0.0
1465,이지홀딩스,0.0
1466,이트론,0.0
1467,인터플렉스,0.0
1468,전파기지국,0.0
1469,제너셈,0.0
1470,제넥신,0.0
1471,제넨바이오,0.0
1472,제노레이,0.0
1473,제로투세븐,0.0
1474,제룡전기,0.0
1475,제이씨현시스템,0.0
1476,조광ILI,-0.23102310231023102
1477,칩스앤미디어,0.0
1478,컴퍼니케이,0.0
1479,케이사인,0.2805194805194805
1480,케이씨에스,0.0
1481,케이아이엔엑스,-0.2
1482,켐온,0.0
1483,코맥스,0.0
1484,코세스,0.0
1485,코스메카코리아,-0.7154150197628459
1486,코엔텍,0.0
1487,코텍,-0.17721518987341772
1488,콜마비앤에이치,0.0
1489,큐캐피탈,0.0
1490,타이거일렉,0.0
1491,티로보틱스,0.0
1492,파마리서치프로덕트,0.0
1493,파인디앤씨,0.0
1494,파인텍,0.0
1495,펩트론,0.0
1496,포스링크,0.0
1497,풍국주정,0.0
1498,퓨쳐켐,0.0
1499,피씨디렉트,0.0
1500,피에스케이홀딩스,0.19814241486068113
1501,하이로닉,0.0
1502,하이소닉,0.0
1503,한국유니온제약,0.0
1504,한국전자금융,0.0
1505,한국컴퓨터,-0.2762520193861066
1506,한국테크놀로지,0.0
1507,한일사료,0.0
1508,헝셩그룹,0.0
1509,화일약품,0.0
1510,효성오앤비,0.0
1511,휘닉스소재,0.0
1512,휴온스,0.0
1513,휴젤,0.0
1514,CNH,0.0
1515,DMS,0.0
1516,GH신소재,0.0
1517,IBKS제11호스팩,0.0
1518,IBKS제14호스팩,0.0
1519,KBI메탈,0.0
1520,KMH하이텍,0.0
1521,KNN,0.0
1522,KTH,0.0
1523,KT서브마린,0.29503602882305846
1524,SBS콘텐츠허브,0.0
1525,SG&G,0.0
1526,SGA,0.0
1527,SNK,0.0
1528,SV인베스트먼트,0.0
1529,TPC,0.0
1530,TS인베스트먼트,0.0
1531,YBM넷,0.0
1532,iMBC,0.0
1533,가온미디어,-0.20889748549323017
1534,경동제약,0.0
1535,골든센츄리,0.0
1536,광진윈텍,0.0
1537,구영테크,0.0
1538,국보디자인,0.0
1539,글로스퍼랩스,0.0
1540,나이스정보통신,0.0
1541,남화산업,0.0
1542,네스엠,0.0
1543,네오오토,0.4461538461538462
1544,네오위즈,0.0
1545,네오크레마,0.0
1546,넷게임즈,0.0
1547,노랑풍선,0.19158878504672897
1548,노바텍,0.0
1549,뉴보텍,0.25165562913907286
1550,다날,0.0
1551,다우데이타,0.0
1552,대원미디어,0.0
1553,대한과학,0.0
1554,대호피앤씨,0.0
1555,대화제약,0.0
1556,동아화성,0.23784355179704017
1557,동양파일,0.0
1558,디앤씨미디어,0.0
1559,디이엔티,-0.11350974930362116
1560,라닉스,0.0
1561,라온피플,0.0
1562,라이트론,0.0
1563,랩지노믹스,-0.27012278308321963
1564,로스웰,0.0
1565,리더스코스메틱,0.0
1566,리메드,0.0
1567,린드먼아시아,-0.2554112554112554
1568,마니커에프앤지,0.0
1569,메가엠디,0.0
1570,메드팩토,0.0
1571,메카로,0.0
1572,모베이스,0.0
1573,모아텍,0.0
1574,미래에셋대우스팩4호,0.0
1575,바이오스마트,0.0
1576,바텍,0.0
1577,보광산업,-0.5148118494795837
1578,본느,0.0
1579,브릿지바이오,0.3213885778275476
1580,블러썸엠앤씨,0.0
1581,비엠티,0.0
1582,비츠로셀,0.0
1583,삼보모터스,0.0
1584,삼영엠텍,0.0
1585,삼천당제약,0.0
1586,서울옥션,0.0
1587,서한,0.0
1588,성도이엔지,0.0
1589,성우전자,0.0
1590,세동,0.2847457627118644
1591,세미콘라이트,0.0
1592,세원,0.0
1593,세원물산,0.0
1594,셀리버리,0.0
1595,소룩스,0.0
1596,소프트캠프,-0.2455179282868526
1597,스카이문스테크놀로지,0.0
1598,스킨앤스킨,0.0
1599,시너지이노베이션,0.0
1600,신성델타테크,0.0
1601,신화인터텍,0.0
1602,싸이토젠,0.0
1603,아이디피,0.0
1604,아이컴포넌트,0.0
1605,아즈텍WB,0.0
1606,안랩,0.0
1607,알서포트,-0.26779995072678
1608,액트,0.0
1609,어보브반도체,0.0
1610,에너토크,0.0
1611,에버다임,-0.21865284974093263
1612,에스넷,-0.463905325443787
1613,에스디시스템,0.0
1614,에스앤에스텍,-0.1444991789819376
1615,에스에이엠티,0.0
1616,에스티큐브,0.0
1617,에스피지,-0.44225352112676053
1618,에이프로,0.0
1619,에이피티씨,0.0
1620,에코마케팅,-0.3803680981595092
1621,에코바이오,-0.32697443723769554
1622,에코캡,0.0
1623,에프앤리퍼블릭,-0.2988505747126437
1624,에프엔에스테크,-0.12407407407407407
1625,엔바이오니아,0.0
1626,엔에이치스팩13호,-0.125
1627,엘엠에스,0.0
1628,엠아이텍,0.0
1629,엠에스오토텍,0.0
1630,엠케이전자,0.0
1631,오이솔루션,0.0
1632,올리패스,0.0
1633,와이엠씨,0.0
1634,와이엠티,0.0
1635,와이제이엠게임즈,0.0
1636,와이팜,0.0
1637,우리넷,0.0
1638,우리조명,-0.2727272727272727
1639,원익IPS,0.0
1640,위세아이텍,0.13443830570902393
1641,유니슨,0.0
1642,유니크,0.0
1643,유아이디,0.0
1644,유아이엘,0.0
1645,이상네트웍스,0.0
1646,이엠코리아,0.0
1647,이오플로우,0.0
1648,이큐셀,0.0
1649,이퓨쳐,0.0
1650,이화공영,0.0
1651,인텔리안테크,0.0
1652,인피니트헬스케어,0.0
1653,일신바이오,0.25903939557474365
1654,잉글우드랩,0.0
1655,정원엔시스,0.0
1656,제이씨케미칼,0.0
1657,제이앤티씨,0.0
1658,제이엘케이,0.0
1659,젬백스링크,0.0
1660,좋은사람들,0.0
1661,중앙백신,0.0
1662,지어소프트,0.0
1663,지트리비앤티,0.0
1664,청보산업,0.0
1665,카스,0.266597510373444
1666,카페24,-0.1487603305785124
1667,케이비17호스팩,0.0
1668,케이에스피,0.0
1669,코디엠,0.0
1670,코리아센터,0.0
1671,큐리언트,0.0
1672,크리스탈신소재,0.0
1673,크린앤사이언스,-0.2610619469026549
1674,클래시스,0.0
1675,태웅,0.0
1676,테라셈,0.0
1677,토박스코리아,0.0
1678,티사이언티픽,0.0
1679,티케이케미칼,0.0
1680,팅크웨어,0.0
1681,파라텍,0.0
1682,팜스토리,0.0
1683,푸드나무,-0.34823529411764703
1684,푸른저축은행,-0.19900497512437812
1685,프리엠스,0.0
1686,플랜티넷,0.0
1687,피제이메탈,-0.4251012145748988
1688,하나머티리얼즈,0.03225806451612903
1689,한국선재,0.0
1690,한국전자인증,0.14285714285714285
1691,한국큐빅,0.0
1692,한독크린텍,0.0
1693,한화플러스제1호스팩,0.0
1694,현대사료,0.0
1695,현우산업,0.0
1696,홈캐스트,0.0
1697,휴메딕스,0.0
1698,흥구석유,0.0
1699,3S,0.0
1700,JYP Ent.,0.0
1701,RFHIC,0.0
1702,강원,0.0
1703,경남제약,0.0
1704,고려신용정보,0.0
1705,골드퍼시픽,-0.3993115318416523
1706,광진실업,0.0
1707,그린플러스,0.24968789013732834
1708,기산텔레콤,0.0
1709,나무기술,0.0
1710,나이스디앤비,0.2871287128712871
1711,네패스,0.0
1712,대동금속,0.0
1713,대림제지,0.03930933137398971
1714,대신정보통신,0.0
1715,더블유에프엠,0.0
1716,동국알앤에스,0.0
1717,동우팜투테이블,0.0
1718,동운아나텍,-0.13456009200690053
1719,드림씨아이에스,0.0
1720,디아이티,0.0
1721,디에이치피코리아,0.0
1722,디케이락,0.0
1723,디케이앤디,0.0
1724,디케이티,0.0
1725,라온시큐어,-0.33073929961089493
1726,라파스,-0.22554347826086957
1727,리노스,-0.23863636363636365
1728,리더스 기술투자,0.0
1729,마이크로컨텍솔,0.0
1730,메가스터디,0.21875
1731,메지온,-0.09701492537313433
1732,모다이노칩,0.0
1733,모베이스전자,0.0
1734,미디어젠,0.2543640897755611
1735,미래나노텍,0.0
1736,미래에셋대우스팩 5호,0.0
1737,미래테크놀로지,0.0
1738,미투젠,0.0
1739,바이오리더스,0.0
1740,박셀바이오,0.0
1741,뷰웍스,0.0
1742,브레인콘텐츠,0.0
1743,블루콤,0.0
1744,비덴트,0.0
1745,비에이치,0.0
1746,비츠로테크,0.0
1747,비피도,0.0
1748,빅텍,0.0
1749,삼강엠앤티,0.0
1750,삼보산업,0.0
1751,삼성머스트스팩3호,-0.22672064777327935
1752,삼표시멘트,0.0
1753,상상인이안1호스팩,0.0
1754,서부T&D,0.0
1755,선광,0.0
1756,세진티에스,0.0
1757,세화피앤씨,0.0
1758,셀레믹스,0.0
1759,셀리드,0.0
1760,소리바다,0.0
1761,솔브레인,0.0
1762,솔트웍스,0.2282016348773842
1763,수젠텍,0.0
1764,신라섬유,0.0
1765,신화콘텍,0.0
1766,쎄니트,0.0
1767,씨씨에스,0.0
1768,씨엔플러스,0.0
1769,씨젠,0.0
1770,아리온,0.0
1771,아시아경제,0.0
1772,아이디스홀딩스,0.0
1773,아이쓰리시스템,0.0
1774,안국약품,0.0
1775,알테오젠,0.0
1776,알톤스포츠,0.0
1777,알파홀딩스,0.0
1778,압타바이오,0.0
1779,야스,0.0
1780,에스맥,0.0
1781,에스에이티,0.0
1782,에스엔유,0.0
1783,에스엠코어,0.0
1784,에스티오,0.0
1785,에이에프더블류,0.0
1786,에이치엘비,0.0
1787,에이테크솔루션,-0.17723342939481268
1788,에이프런티어,0.0
1789,에코마이스터,0.0
1790,에프엔씨엔터,0.0
1791,엘비세미콘,0.0
1792,엘이티,0.0
1793,엠에스씨,0.0
1794,엠젠플러스,0.0
1795,오디텍,0.0
1796,오로라,0.0
1797,오상자이엘,-0.2514450867052023
1798,오킨스전자,-0.22648890308159028
1799,와이엔텍,0.0
1800,와이오엠,0.0
1801,와이지엔터테인먼트,0.0
1802,우주일렉트로,0.0
1803,원방테크,0.0
1804,웹케시,-0.23397913561847988
1805,위니아딤채,0.0
1806,위지윅스튜디오,0.0
1807,윈스,0.0
1808,윈텍,0.0
1809,유라테크,-0.24940954180444025
1810,유틸렉스,0.0
1811,이그잭스,0.0
1812,이니텍,-0.13291139240506328
1813,이더블유케이,0.0
1814,이테크건설,0.0
1815,인바디,0.0
1816,인지디스플레,0.0
1817,인콘,0.2811588921282799
1818,인크로스,0.0
1819,인터엠,0.0
1820,일지테크,0.0
1821,자안,0.0
1822,제이에스티나,0.0
1823,제이엠아이,0.0
1824,지노믹트리,0.0
1825,지니틱스,0.0
1826,진로발효,0.0
1827,체리부로,0.3375912408759124
1828,카카오게임즈,0.0
1829,케이디켐,0.0
1830,케이씨티,0.0
1831,케이피에스,0.15105162523900573
1832,코나아이,0.0
1833,코디,-0.25382262996941896
1834,코리아에스이,0.0
1835,코스나인,0.21944444444444444
1836,코스온,0.0
1837,코아스템,0.0
1838,큐렉소,0.1692111959287532
1839,큐로컴,0.0
1840,태양,0.22535211267605634
1841,테크윙,0.0
1842,티엘아이,-0.1496881496881497
1843,티움바이오,0.0
1844,파인테크닉스,0.0
1845,팜스빌,0.0
1846,팬스타엔터프라이즈,0.0
1847,평화정공,0.2734463276836158
1848,포메탈,0.0
1849,포스코 ICT,0.30394736842105263
1850,플레이위드,0.0
1851,피씨엘,0.0
1852,피피아이,0.0
1853,한국제8호스팩,0.0
1854,한국파마,0.0
1855,한솔인티큐브,0.0
1856,한스바이오메드,0.3045977011494253
1857,한창산업,0.26639483520217466
1858,한컴MDS,0.0
1859,한화에스비아이스팩,0.0
1860,핸디소프트,0.0
1861,현대공업,0.0
1862,화신정공,0.0
1863,휴마시스,0.0
1864,휴비츠,0.11956521739130435
1865,흥국,0.007722007722007734
1866,GV,0.0
1867,HB테크놀러지,-0.5185185185185185
1868,IBKS제12호스팩,0.0
1869,ISC,0.0
1870,KG이니시스,0.0
1871,MP한강,0.3001101321585903
1872,NE능률,0.0
1873,NHN한국사이버결제,0.0
1874,SBI인베스트먼트,0.21537290715372906
1875,SG,0.0
1876,갤럭시아머니트리,0.38179519595448796
1877,고려제약,0.0
1878,국일제지,0.0
1879,금강철강,0.0
1880,기가레인,0.0
1881,나노스,0.0
1882,나노캠텍,-0.2042755344418052
1883,나라엠앤디,0.0
1884,나우IB,0.0
1885,내츄럴엔도텍,0.0
1886,네오펙트,0.4152046783625731
1887,녹십자엠에스,0.0
1888,녹십자웰빙,0.0
1889,뉴로스,0.0
1890,뉴지랩,0.0
1891,대동기어,0.0
1892,대륙제관,0.0
1893,대모,0.0
1894,대보마그네틱,0.0
1895,대성엘텍,0.0
1896,대성창투,0.0
1897,대양제지,0.0
1898,대정화금,0.0
1899,대창스틸,-0.3876146788990826
1900,덕우전자,0.0
1901,동국S&C,0.0
1902,동성화인텍,0.0
1903,동양에스텍,-0.4590909090909091
1904,동양이엔피,0.0
1905,동일철강,-0.10699588477366254
1906,디스플레이텍,0.20689655172413793
1907,디에스케이,0.0
1908,디자인,0.0
1909,디젠스,0.0
1910,러셀,0.0
1911,레이,0.0
1912,마이더스AI,0.0
1913,매일유업,0.0
1914,맥스로텍,0.16106604866743918
1915,멀티캠퍼스,-0.1895551257253385
1916,메디프론,0.0
1917,명성티엔에스,0.0
1918,모바일어플라이언스,0.0
1919,미투온,0.22950819672131148
1920,바른손,-0.3611416026344676
1921,바이오로그디바이스,0.0
1922,바이오솔루션,0.0
1923,바이오톡스텍,0.0
1924,버추얼텍,0.0
1925,베스파,0.0
1926,비나텍,-0.22879932829554997
1927,빅솔론,0.0
1928,삼목에스폼,0.0
1929,삼성스팩2호,0.125
1930,상상인,-0.43262411347517726
1931,상신전자,0.0
1932,샘코,0.0
1933,서진시스템,0.0
1934,서플러스글로벌,0.0
1935,선익시스템,0.0
1936,세틀뱅크,0.0
1937,소프트센,0.0
1938,쇼박스,0.0
1939,스타모빌리티,0.0
1940,시큐브,-0.17886178861788618
1941,신진에스엠,0.24555555555555555
1942,심텍홀딩스,0.0
1943,쎌바이오텍,0.0
1944,씨티케이코스메틱스,-0.35064935064935066
1945,아모그린텍,0.0
1946,아미노로직스,0.0
1947,아이디스,0.20020429009193055
1948,아이비김영,0.0
1949,아이앤씨,-0.30675909878682844
1950,아이에스이커머스,0.0
1951,아이엠,0.26485148514851486
1952,아이엠텍,0.0
1953,아진엑스텍,0.0
1954,아톤,0.0
1955,알엔투테크놀로지,0.0
1956,압타머사이언스,0.0
1957,액토즈소프트,0.0
1958,앤씨앤,0.0
1959,에스엠,0.0
1960,에스티아이,0.0
1961,에이아이비트,0.0
1962,에이치엘비제약,0.0
1963,에이치케이,0.0
1964,에이텍,0.0
1965,에코프로,0.0
1966,에코프로비엠,0.0
1967,엔에이치스팩17호,0.0
1968,엘앤케이바이오,0.0980857191258682
1969,오리엔탈정공,0.0
1970,오리콤,-0.1076923076923077
1971,오스템,0.0
1972,우리기술,0.0
1973,우리기술투자,0.0
1974,우리로,0.0
1975,우정바이오,0.0
1976,월덱스,0.0
1977,웰크론한텍,0.0
1978,웹스,0.2733644859813084
1979,윙입푸드,-0.23972602739726026
1980,유니셈,0.0
1981,유니트론텍,0.0
1982,유진기업,0.0
1983,유진로봇,0.0
1984,율호,0.0
1985,이노와이즈,0.0
1986,이라이콤,0.0
1987,이베스트투자증권,0.0
1988,이엑스티,0.0
1989,이엔에프테크놀로지,0.0
1990,이원컴포텍,0.23141186299081035
1991,이크레더블,0.0
1992,이화전기,0.0
1993,인트론바이오,0.0
1994,인프라웨어,0.0
1995,일야,0.0
1996,일진파워,-0.25136612021857924
1997,제노포커스,0.0
1998,제룡산업,0.0
1999,젠큐릭스,0.2773109243697479
2000,조이시티,0.0
2001,중앙에너비스,-0.12576687116564417
2002,지엘팜텍,0.0
2003,진매트릭스,0.26420454545454547
2004,창해에탄올,0.0
2005,청담러닝,0.0
2006,컬러레이,0.0
2007,케어랩스,0.0
2008,케이엔제이,0.0
2009,케이엠,-0.2875
2010,케이엠제약,0.0
2011,케이프,0.0
2012,켐트로닉스,0.0
2013,켐트로스,0.0
2014,코다코,0.13873473917869034
2015,코리아에프티,0.0
2016,코센,0.0
2017,큐로홀딩스,0.0
2018,태광,0.0
2019,티피씨글로벌,-0.4446564885496183
2020,파크시스템스,0.0
2021,파트론,0.0
2022,판타지오,-0.6183574879227053
2023,팬젠,-0.24334975369458128
2024,포스코엠텍,0.0
2025,포인트엔지니어링,0.0
2026,포티스,0.0
2027,퓨쳐스트림네트웍스,0.0
2028,피앤씨테크,0.0
2029,피앤이솔루션,0.0
2030,필로시스헬스케어,0.0
2031,하나머스트제6호스팩,0.0
2032,하림지주,0.0
2033,하이제5호스팩,0.0
2034,하이텍팜,0.0
2035,한국가구,0.0
2036,한국정밀기계,0.0
2037,한빛소프트,0.0
2038,한송네오텍,0.20705346985210465
2039,한일진공,0.0
2040,현대바이오랜드,0.0
2041,현대통신,0.0
2042,AP시스템,0.0
2043,AP위성,0.0
2044,GRT,-0.3834355828220859
2045,MP그룹,0.0
2046,OQP,0.48464912280701755
2047,PI첨단소재,0.0
2048,S&K폴리텍,0.0
2049,SFA반도체,0.0
2050,THE E&M,0.0
2051,THE MIDONG,0.0
2052,YTN,0.0
2053,골프존뉴딘홀딩스,-0.29045643153526973
2054,교보10호기업인수목적,0.0
2055,글로벌에스엠,0.0
2056,금화피에스시,0.0
2057,까스텔바작,0.0
2058,나무가,0.0
2059,네온테크,0.0
2060,넥스틴,0.0
2061,녹십자랩셀,0.0
2062,농우바이오,0.0
2063,뉴트리,0.0
2064,다나와,-0.3253588516746412
2065,다믈멀티미디어,-0.2211126961483595
2066,대동스틸,0.0
2067,대신밸런스제8호스팩,0.0
2068,대한광통신,-0.4818548387096774
2069,더네이쳐홀딩스,0.0
2070,데이타솔루션,0.0
2071,덱스터,0.0
2072,도이치모터스,0.0
2073,동국산업,-0.28598365807668136
2074,동원개발,0.0
2075,동일금속,0.0
2076,동화기업,0.2831746031746032
2077,드림시큐리티,0.0
2078,드림어스컴퍼니,-0.40591397849462363
2079,디딤,0.2549019607843137
2080,디와이피엔에프,0.0
2081,디지캡,0.0
2082,레몬,0.0
2083,로보티즈,0.0
2084,로체시스템즈,-0.22134387351778656
2085,루멘스,0.0
2086,루트로닉,0.0
2087,리노공업,0.0
2088,마이크로디지탈,-0.1407269338303821
2089,마크로젠,0.0
2090,매커스,0.0
2091,메디아나,0.0
2092,멜파스,0.0
2093,모바일리더,0.0
2094,미래생명자원,-0.2638888888888889
2095,미래컴퍼니,-0.2732166890982503
2096,바른전자,0.0
2097,배럴,0.0
2098,백금T&A,0.0
2099,버킷스튜디오,0.0
2100,보성파워텍,0.0
2101,브이원텍,0.0
2102,브이티지엠피,0.0
2103,비비씨,0.0
2104,비씨월드제약,0.1092436974789916
2105,비아트론,0.0
2106,비츠로시스,0.0
2107,빛샘전자,-0.14678899082568808
2108,삼기,0.0
2109,상상인이안제2호스팩,0.0
2110,상상인인더스트리,0.0
2111,서남,0.0
2112,서울리거,0.0
2113,서울제약,0.0
2114,서전기전,0.0
2115,서희건설,0.0
2116,성광벤드,0.0
2117,세중,0.0
2118,센코,0.0
2119,센트럴바이오,-0.18776595744680852
2120,셀트리온헬스케어,0.0
2121,솔브레인홀딩스,0.0
2122,솔트룩스,0.0
2123,슈프리마아이디,0.0
2124,신신제약,0.0
2125,신영스팩6호,0.0
2126,신일제약,-0.30170529077393965
2127,싸이맥스,0.0
2128,썸에이지,0.0
2129,쏠리드,0.0
2130,씨아이에스,0.0
2131,씨에스베어링,0.0
2132,아난티,0.6297169811320755
2133,아바코,0.0
2134,아세아텍,0.0
2135,아스트,0.0
2136,아이스크림에듀,0.33583690987124465
2137,아이텍,-0.27238454288407166
2138,아이티엠반도체,0.0
2139,알로이스,0.0
2140,양지사,0.0
2141,얼라인드,0.23766135155656795
2142,에스씨디,0.0
2143,에스에프에이,-0.19070904645476772
2144,에스텍,-0.3523316062176166
2145,에스폴리텍,0.09540229885057472
2146,에스피시스템스,0.0
2147,에이디테크놀로지,0.2589928057553957
2148,에이치엘비생명과학,0.0
2149,에이치엘비파워,0.0
2150,에치에프알,0.0
2151,엔에이치스팩16호,0.0
2152,엘앤씨바이오,0.0
2153,엘앤에프,0.0
2154,엘티씨,0.0
2155,엠투엔,0.0
2156,영우디에스피,0.0
2157,영풍정밀,0.0
2158,예선테크,-0.3223787167449139
2159,오리엔트정공,0.0
2160,오스코텍,0.0
2161,오파스넷,0.0
2162,올릭스,0.0
2163,옴니시스템,0.0
2164,와토스코리아,-0.013975155279503104
2165,우리산업,0.0
2166,우리이앤엘,0.0
2167,우원개발,0.0
2168,위더스제약,0.0
2169,위즈코프,0.0
2170,윈팩,0.0
2171,유비케어,0.0
2172,유안타제3호스팩,0.0
2173,유앤아이,-0.17083333333333334
2174,유진스팩4호,0.07142857142857142
2175,이노메트리,0.0
2176,이노테라피,0.0
2177,이디티,0.0
2178,이루다,0.0
2179,이매진아시아,0.0
2180,이베스트이안스팩1호,0.5555555555555556
2181,이씨에스,0.3237885462555066
2182,이엔드디,0.0
2183,이오테크닉스,0.0
2184,인터로조,0.0
2185,인트로메딕,0.0
2186,인화정공,0.0
2187,자연과환경,0.0
2188,정산애강,0.0
2189,제닉,0.0
2190,제이브이엠,0.0
2191,제이엔케이히터,0.0
2192,제일테크노스,0.0
2193,제테마,0.0
2194,지에스이,0.22531645569620254
2195,지엔원에너지,0.0
2196,지와이커머스,0.0
2197,진양제약,0.0
2198,차바이오텍,0.0
2199,천랩,0.0
2200,케어젠,0.0
2201,케이맥,0.0
2202,케이엘넷,0.0
2203,케이프이에스제4호,1.0
2204,코렌텍,0.0
2205,코리아나,0.16358839050131926
2206,코스맥스엔비티,-0.1932045303131246
2207,코오롱티슈진,0.0
2208,코콤,0.0
2209,큐에스아이,0.0
2210,크루셜텍,-0.03921568627450983
2211,크리스에프앤씨,-0.20734341252699784
2212,테스,0.0
2213,텔레칩스,0.0
2214,텔레필드,0.0
2215,톱텍,0.0
2216,티비씨,0.0
2217,티플랙스,0.0
2218,파나진,0.0
2219,파이오링크,0.0
2220,포비스티앤씨,0.08181818181818182
2221,포시에스,0.0
2222,푸른기술,0.0
2223,퓨전,0.0
2224,프럼파스트,-0.5118343195266273
2225,플리토,0.0
2226,피엔케이피부임상연구센타,0.0
2227,피제이전자,0.0
2228,하림,-0.20909090909090908
2229,하이록코리아,0.8
2230,하이비젼시스템,0.0
2231,하츠,0.0
2232,한국기업평가,0.0
2233,한국정보공학,0.0
2234,한네트,0.0
2235,한라IMS,0.0
2236,한양이엔지,0.0
2237,한프,0.0
2238,해성산업,0.25471698113207547
2239,해성옵틱스,0.0
2240,행남사,0.0
2241,홈센타홀딩스,0.14977973568281938
2242,힘스,0.0
