수익률,위험도
1.893939394,23.80064213
1.895734597,19.97113584
5.106382979,18.44899128
2.259887006,47.15938167
0.418410042,40.90813005
1.415701416,49.23614682
1.261410788,91.42654628
0.191358025,28.06951695
0.466439135,18.43455536
3.430079156,54.96382319
3.206997085,30.16640018
2.23325062,25.11854967
0.625,35.69694014
1.141552511,49.81738086
4.651162791,13.98298522
0.207900208,120.9723009
2.409638554,19.01163231
1.12962963,90.78159741
1.101321586,64.05708635
1.293532338,28.2668927
5.737704918,20.6414459
0.766283525,60.1886441
3.058103976,32.66159347
0.747126437,35.89589247
0.702875399,27.2458733
2.840909091,16.0477327
2.024291498,26.64455592
0.631313131,47.95360435
7.168458781,36.03613337
3.112033195,27.86009312
1.347708895,21.34157362
0.662251656,39.22791959
0.170212766,75.8401025
1.107419712,46.61889328
1.132075472,53.81830384
1.851851852,37.02299344
26.12903226,16.71108307
4.194756554,12.20008875
2.46659815,21.63804229
1.503759398,40.01089288
2.279202279,31.48998205
1.990049751,37.98058079
3.401360544,35.40995785
2.040816327,22.87578726
1.634472511,32.38509756
0.299850075,46.86745256
1.016702977,36.00693351
1.186440678,114.5991314
0.406917599,87.02085889
1.772151899,40.78076818
1.646090535,42.64129254
0.774193548,38.20129926
2.59009009,21.99393093
0.619578686,63.47387111
0.561797753,60.09982773
1.312335958,18.91983361
4.18204182,32.25004803
1.052631579,22.2478599
3.761755486,55.90253553
0.411214953,24.75251294
2.105263158,19.93945189
1.431492843,42.42648828
0.664451827,32.29542028
0.738916256,57.42484206
1.520912548,39.98114988
2.02020202,18.27051571
3.155339806,111.9159751
1.958041958,29.15220831
3.07503075,24.15022845
0.796812749,81.44648612
0.491803279,95.30027072
4.734848485,18.13835634
4.283965728,44.93020581
1.923076923,28.38370305
3.75,35.50340615
0.538358008,29.69260614
1.653803749,18.4484915
3.735990037,19.85614168
0.763358779,51.10414511
6.211180124,20.15121614
3.636363636,18.45913998
1.428571429,32.60753679
0.25974026,28.57417091
2.453102453,46.59497137
2.588996764,48.81124752
1.220159151,18.38692297
0.46728972,40.94525835
0.998003992,25.7691587
0.975609756,34.7493711
0.158227848,37.53961478
0.801603206,76.10826788
2.59965338,27.28946741
1.560283688,38.40541976
1.832797428,26.01977675
0.789889415,67.06495914
1.417004049,39.27209961
6.825938567,31.30940163
1.445086705,48.26774733
0.366972477,45.18723559
2.063273728,15.81521573
3.105590062,42.5053547
1.073253833,27.2577453
5.917159763,25.14227633
3.012048193,10.42463304
0.99009901,62.00828133
1.620745543,27.19004587
1.380897583,59.02203932
2.054794521,64.45412363
0.967741935,78.56464592
1.70575693,39.5157704
1.536772777,35.53925509
1.567398119,40.83135474
1.041666667,35.63279175
2.096436059,31.4588564
1.10864745,78.24780585
1.246882793,30.5387258
5.136986301,31.8607915
1.337792642,26.79980337
1.344537815,49.67748716
0.99009901,59.86430442
4.441624365,37.20471482
0.875273523,43.20011766
2.906976744,26.71035079
1.072961373,32.20688684
6.541737649,15.21464027
5.92689295,14.56159453
1.717791411,9.69324379
1.628664495,48.00908189
3.797468354,17.50489258
0.903119869,42.4913715
4.207573633,18.86171534
0.367647059,51.701847
3.333333333,29.22501244
4.912280702,36.29774836
3.316749585,30.90551303
0.25,81.56587714
2.021563342,21.38873403
4.991680532,57.143727
0.526315789,30.63903956
0.611995104,129.4471743
6.578947368,24.06425545
3.070175439,24.06425545
1.085271318,46.63622573
0.668151448,41.07098139
4.523809524,11.95657891
4.651162791,13.10882788
1.176470588,35.84375477
2.219755827,22.34158223
0.460122699,41.40826239
2.074688797,74.35517016
10.33797217,32.06092275
0.309023486,0
1.003344482,53.33873227
2.142857143,39.89444824
0.373831776,64.17973514
2.510460251,45.9259652
0.143712575,54.24527958
5.094130676,20.27113273
1.277955272,24.66545553
6.741573034,64.54437113
0.891364903,45.19183918
0.404040404,42.11529892
1.755027422,10.2563642
0.386100386,95.97359238
3.6900369,33.33832167
0.500625782,36.8639836
4.646464646,21.30153845
1.685393258,47.61103273
1.845238095,25.23527892
0.109051254,29.70355655
2.06185567,62.05355959
1.092896175,42.64923549
1.231527094,50.83590496
1.257861635,33.00382206
1.711840228,39.42935849
6.19266055,18.77475783
1.278409091,105.7447288
0.374531835,61.356939
0.477707006,17.74745887
0.375510204,96.09992962
1.578947368,47.58734496
0.496688742,26.16785498
0.809716599,33.38270223
0.429799427,27.71990851
4.947976879,33.50253046
3.68852459,28.55418293
3.133903134,17.85212009
1.923076923,37.6048654
2.867383513,58.95825974
5.561172902,15.08369198
1.005867561,33.6508286
1.62601626,25.4962281
3.921568627,26.68776311
2.446982055,37.59478258
0.401404917,87.87549187
0.720720721,94.5802494
0.443490701,53.83566529
0.680272109,51.10235625
0.709219858,38.65398325
1,46.64979811
1.426024955,50.10933961
1.979345955,50.47601811
1.072961373,32.95072444
5.508474576,34.33782729
1.317715959,34.66592614
0.442477876,45.70457993
3.529411765,25.37278745
1.41509434,24.36906485
2.02020202,59.29956925
0.461052632,48.63051085
0.448430493,76.44961807
0.607533414,23.65084226
0.334448161,58.86539959
1.6,31.54132585
1.910828025,63.32061934
0.8,28.26293627
3.215434084,33.10519842
0.350230415,68.22833783
2.024291498,43.40133429
1.044386423,19.23802562
2.69541779,18.42074841
0.791139241,48.854176
0.656455142,27.09683475
2.699055331,38.11385118
1.939393939,32.4398229
0.67264574,44.62985326
1.035502959,22.72268969
1.218026797,44.27503682
1.759530792,30.95849626
4.587155963,14.70842236
1.981351981,34.95475132
0.873786408,58.3877736
2.61682243,36.5436468
0.485074627,37.9156444
0.837696335,50.6932446
2.611534276,19.84899183
1.503759398,93.89910932
1.672240803,24.64758696
3.10880829,24.74275727
0.879249707,42.62232666
1.840490798,26.71644414
6.408345753,12.52116829
0.366972477,48.73279043
0.398089172,0
4.550625711,56.38455559
0.649350649,18.28692027
1.928374656,30.28295178
3.770114943,29.03155745
0.641176471,10.10500079
0.321027287,68.4677963
1.724137931,55.59050488
1.353637902,21.0390357
0.225519288,47.47383968
1.167315175,26.07367287
0.745454545,29.61561096
0.530503979,64.35129685
4.312668464,19.64600087
1.320132013,44.1387799
2.941176471,41.21711366
3.807106599,19.68865556
1.662468514,37.44203141
0.760456274,42.76829209
3.785488959,12.58654178
1.048951049,93.82607934
2.913752914,15.59488455
1.020408163,47.36814945
3.93081761,6.546113663
1.881533101,50.69046819
0.761904762,15.76701905
0.035724332,37.42931616
0.723684211,30.59634598
2.440633245,28.4175347
4.367816092,10.15649904
3.007518797,35.66816044
2.155172414,17.83456779
1.74863388,28.09172417
1.182033097,111.2021594
3.773584906,15.87476137
3.861003861,30.60795014
0.241545894,67.123339
0.265957447,85.12097638
1.092896175,92.79873279
1.935483871,47.77698451
0.605449041,26.7828271
2.629107981,23.97524541
3.161222339,38.18747158
3.837953092,35.9801296
4.545454545,25.91086535
2.457627119,12.7854365
0.699300699,33.95433735
0.46361186,22.82794207
0.27027027,64.37079678
3.54767184,60.51671719
4.634581105,11.26004541
2.430939227,30.29332793
1.62601626,42.67181328
0.907590759,47.55546315
2.948113208,15.56580298
4.863221884,23.83688856
3.908554572,25.95856324
4.510756419,32.08474625
1.851851852,23.5812462
5.405405405,20.42429229
0.461893764,21.45975701
3.727369542,29.45082599
1.136363636,70.35455528
7.19844358,32.11789316
0.172711572,35.90849391
2.159827214,74.81083874
0.539956803,21.10705181
3.009027081,63.67489789
1.068376068,57.35743099
10.54852321,7.695328993
1.960784314,11.65191413
3.946002077,43.9041723
0.181543116,45.76041747
0.840336134,80.87970001
5.497771174,32.54960281
2.403846154,25.5978312
3.239740821,30.72287808
4.807692308,9.577075113
0.791139241,55.58461663
0.743494424,47.06055646
1.131221719,22.50256182
3.293084523,26.52498495
2.105263158,149.5453066
1.253918495,23.34887938
1.842546064,21.67145925
1.649528706,45.04838569
0.667408231,30.63744552
1.287128713,13.29834662
2.721088435,46.9407038
1.724137931,59.23826416
4.847645429,17.0208365
3.381642512,33.15704445
1.051524711,19.62074742
6.675567423,29.33725648
2.379182156,37.98963384
0.573065903,29.02261316
0.606796117,54.82454676
5.063291139,16.53441966
0.70754717,20.48896507
0.503524673,55.88999293
0.236486486,110.1968552
2.181818182,42.33658252
0.972447326,53.16479302
2.281368821,24.5138237
1.856763926,31.96619802
1.442307692,34.15286046
0.953678474,31.68875692
1.941747573,34.48674907
1.252059308,23.45311022
0.078563412,145.2475965
0.995792426,65.8257345
0.578034682,55.44230528
1.618122977,28.40870536
4.935064935,36.95465358
3.829787234,41.67456574
4.135338346,12.96523319
0.860585198,26.24617278
1.393188854,27.6621639
0.463821892,25.59483495
2.242424242,17.94326287
1.995012469,32.62855278
0.527950311,31.4909126
1.434511435,90.40942307
1.551312649,41.47649268
0.803571429,54.32810129
1.086956522,27.02128445
1.322751323,38.70502755
3.471400394,40.18145375
4,47.3206517
0.487012987,23.32218869
1.121076233,54.00194449
1.62037037,24.10453456
1.662971175,18.96872625
6.507592191,18.2585357
1.134751773,77.22767037
2.875,46.61720336
1.612903226,19.04263703
1.567398119,103.9454193
3.276539974,23.11370516
0.613496933,44.9441653
1.666666667,42.83073039
2.641509434,21.82251685
1.5,19.22703232
0.572916667,63.24938195
1.189060642,19.87222211
0.261096606,39.68446107
0.8640553,26.38870199
2.150537634,37.53312003
2.558635394,26.62086856
1.449275362,28.72327211
3.246753247,20.06712678
0.710900474,72.29020027
1.27388535,24.23298107
4.184100418,16.87484678
0.973574409,54.66926519
1.268498943,50.98100891
0.777202073,42.12409005
0.861878453,46.16525437
2.389078498,15.95478141
2.422907489,39.56935654
1.354166667,37.97091254
0.952380952,34.45540883
1.712062257,53.26058202
0.388198758,42.34151073
1.355932203,33.55550583
0.217391304,51.9643704
1.965811966,25.23995715
1.147776184,19.19039945
0.303030303,43.55400011
1.916757941,31.63882979
1.904761905,34.28523551
0.141442716,46.91288608
4.683840749,27.65713772
3.861003861,73.41015722
1.643835616,62.38320775
1.793721973,55.34516799
1.699029126,26.75054833
0.468384075,41.66572957
9.246781116,10.33383539
0.845665962,46.87971565
0.149253731,44.11204465
0.996677741,68.84446184
0.74906367,67.43618374
2.3885918,56.31655542
0.970873786,40.00769425
2.777777778,33.4655362
1.937984496,20.38274724
0.463678516,36.95519897
0.54200542,16.31028792
0.366748166,43.89110176
5.464480874,24.57694979
4.692082111,14.62752179
1.344537815,31.78897579
1.79028133,39.82222342
2.414486922,91.60664336
4.755244755,33.40795495
5.221932115,7.939414187
1.408450704,59.15329007
0.044964029,49.41161819
4.347826087,19.4373049
7.860262009,17.84683189
2.932761087,36.07164561
2.404371585,22.9616325
0.122100122,34.22894332
0.63559322,35.47797066
0.457665904,63.12875752
1.140065147,32.85295566
3.888024883,14.06909429
4.336734694,30.93725796
4.814814815,22.20169422
0.985221675,52.67384421
0.729927007,23.30602162
0.111111111,76.96985826
4.045307443,38.30841712
2.72479564,59.61612515
2.208201893,37.6427066
3.008849558,24.64672429
4.864864865,14.18814577
1.090909091,41.07770537
0.68212824,24.57720168
6.269592476,14.72082683
3.553299492,29.34912025
1.020408163,30.3642467
2.042900919,48.65414853
0.289256198,36.1328711
2.316602317,39.64445257
1.914893617,38.96733146
6.930693069,27.30298308
1.869158879,21.10349074
5.797101449,27.73750463
2.673796791,31.32884642
1.043219076,46.35680269
1.457725948,42.00020688
0.923076923,38.33770599
0.878378378,90.2272271
0.787401575,42.10424362
5.727923628,34.1897337
3.422982885,13.75873083
3.008130081,18.66928
5.333333333,25.76782764
1.754385965,25.09720323
1.67539267,15.69247201
1.52284264,31.32095458
0.980392157,46.07432084
1.081081081,38.07263698
1.536885246,40.14016303
3.144654088,18.2756476
2.719298246,34.09961204
0.321543408,48.78253496
1.79910045,22.21642279
0.490196078,47.36721827
2.302158273,45.95040036
1.090909091,47.65416424
2.276422764,29.96405194
0.923076923,20.16381945
0.863930886,33.00486072
3.703703704,46.41478262
2.1875,37.03485711
0.736,37.59481899
1.193317422,28.84362589
1.386666667,34.74844122
1.107419712,23.73201803
1.744186047,29.44482213
0.481481481,70.20449409
5.102040816,25.19622384
0.289017341,46.65045475
0.265957447,50.96397096
2.415458937,31.19839793
0.575657895,31.48943442
2.006688963,59.54005928
1.951219512,17.17699248
0.626959248,35.92529716
0.780141844,25.42214416
7.567567568,15.7861381
0.59588299,40.4004373
0.873362445,44.77712177
1.814882033,39.34685785
1,40.20819758
1.879699248,89.29831991
0.627756161,94.54928942
0.294117647,46.7773088
2.732240437,32.43800378
0.458715596,43.76104251
0.72815534,46.5555789
4.210526316,25.13299987
4.526748971,17.52175338
0.33557047,82.27735697
0.682593857,39.16390695
2.729044834,45.42077034
3.539823009,17.94712808
1.865671642,52.75398073
1.01010101,39.9420677
0.715307582,118.978634
2.649006623,42.48904734
0.10252905,45.0800194
1.644736842,20.50599281
1.730103806,15.8379918
1.530054645,28.92052385
3.549382716,17.98898111
2.713987474,27.78730424
4.918032787,33.90319684
2.717391304,13.92363995
0.577200577,29.11740095
2.376237624,23.8948485
1.181525242,104.7386108
0.231481481,45.98470962
1.912045889,32.57549248
3.110419907,18.83103879
0.487210719,40.33380026
5.365296804,28.53013793
3.929273084,25.96059582
5.471956224,26.29482729
4.722792608,24.09314378
3.409090909,36.62050208
1.363636364,73.70925214
0.865800866,47.01172736
0.517241379,35.55895671
0.368239356,60.15898536
1.78784267,18.03994571
1.075268817,41.03676475
2.47706422,33.70664627
1.576182137,31.06982606
1.149425287,25.20305301
1.428571429,58.68221553
0.484261501,79.1221664
0.53361793,80.65711374
2.51572327,16.07957024
1.550387597,30.16055074
2.049180328,20.72494136
1.557122708,36.55962015
0.13215859,66.54691314
1.920614597,11.54100724
0.836236934,91.63031896
0.287356322,48.03779232
1.612903226,108.446186
2.983425414,12.57730914
2.331002331,19.41443124
2.72,84.86816797
0.134285714,35.00354085
1.746724891,74.20430548
4.424778761,34.62363597
1.671309192,33.00595109
7.396449704,24.55291342
1.234567901,33.12688279
1.119820829,56.35307173
2.120890774,116.9628608
0.210970464,49.39749136
2.797350993,39.28483155
0.796812749,32.20743352
2.277904328,22.74178456
0.611835507,51.90441072
0.432525952,43.16957768
1.512859304,57.18364007
4.340836013,7.038976278
0.124378109,60.26925517
1.224489796,102.8503389
0.318471338,40.90742175
0.707964602,46.85543493
1.030927835,22.38166217
1.87755102,16.67760053
0.595238095,42.73222244
1.598579041,49.66233713
0.839416058,42.28056422
1.267217631,40.60419775
1.904761905,25.63334947
3.696236559,15.05973236
4.576388889,39.59374517
0.904977376,46.93857797
1.077199282,42.53976441
2.321428571,14.23174964
1.645123384,34.54014678
4.807692308,30.27733491
0.299674267,43.15099531
1.500938086,55.89255825
0.667461263,29.10421479
0.992366412,27.78049707
0.231213873,36.367522
0.647058824,106.7383078
1.898734177,18.78329528
0.331491713,52.88524482
1.407657658,40.5972679
1.196172249,38.83125092
1.757469244,26.15680994
0.451467269,31.05386925
0.458536585,38.68987566
1.587301587,54.46762356
0.188323917,39.91301881
2.071005917,37.06402577
4.69043152,32.08514612
2.086956522,40.85936963
1.634615385,15.53373448
3.154574132,5.73659948
2.075702076,41.03528185
0.67114094,40.01795016
1.876675603,51.51943071
0.633540373,30.01052333
2.188183807,56.97525703
1.123595506,44.4479944
2.756892231,36.78145431
3.0248307,40.73790694
0.961538462,33.66453252
0.845070423,141.0608617
0.995732575,18.13930339
1.38121547,38.658193
1.585503964,46.34029809
3.129346314,11.67675461
1.477104874,36.90445108
0.169491525,44.91653409
2.909090909,97.73429682
1.201923077,23.5852967
3.913894325,13.72743597
2.754820937,40.68018192
0.497512438,70.71907395
2.405498282,22.83433249
3.703703704,24.72352069
2.066115702,78.8792319
1.779359431,44.2197664
1.795332136,64.20226055
0.553505535,34.20800122
0.281690141,11.90219735
3.430749682,6.599260672
4.545454545,10.49753519
0.366300366,68.93159595
0.387596899,40.80457878
1.769911504,20.46277532
1.686340641,54.50485048
0.312989045,49.08502868
0.421496312,47.3858274
3.912543153,24.65528029
0.449101796,47.7791849
2.744237102,73.45637189
0.836820084,38.62010712
0.81300813,29.28600654
2.369668246,28.53381174
1.785714286,34.72066319
1.904761905,54.24456234
6.477732794,9.06656423
2.286585366,33.15258947
0.444938821,27.18607377
3.756476684,36.86071724
0.586319218,44.77921783
0.505415162,42.32470853
1.54109589,31.16840068
1.294498382,29.30835852
2.290076336,30.59737616
0.334448161,55.61755104
0.338983051,43.16605713
1.714836224,57.23450652
0.793650794,29.50213326
1.302325581,32.71934889
2.100840336,20.67587103
1.037344398,58.8442285
1.812688822,36.09250519
1.758241758,37.6787932
1.369863014,25.6194018
26.68831169,16.55914072
2.403846154,28.70293711
0.701754386,55.35850593
1.18251928,43.50176539
1.488095238,48.32138735
0.187969925,75.29263975
0.32183908,38.95386875
0.835509138,28.42711442
1.657458564,23.11879391
2.762430939,25.33235302
2.427921093,29.89358676
1.538461538,47.1888959
0.313479624,45.64132327
6,19.04528236
3.289473684,27.70696502
2.008608321,27.07395592
2.148997135,66.90253256
1.430274136,49.61003476
0.68212824,41.89149791
0.722021661,28.23036007
1.163873371,18.1332418
1.694915254,31.62329717
2.254791432,108.5108031
5.25210084,21.45908367
1.059602649,50.884329
2.02764977,49.45747423
5.092592593,19.5663134
3.567181926,15.46971168
1.111111111,40.82900943
5.540540541,42.04133138
0.892857143,37.13686197
0.715307582,51.08654299
1.35501355,25.15737753
0.847457627,85.83502644
1.152073733,32.74145749
6.402793946,9.94061822
1.253132832,37.09919292
5.555555556,20.04745949
3.319502075,22.20133981
1.483870968,25.8964886
0.954198473,34.91378478
3.076923077,25.12033393
2.727272727,59.10069314
4.68164794,11.41394213
0.672268908,28.14366905
0.73964497,53.75745898
0.720461095,37.26725415
5.326231691,24.09845197
0.196721311,36.9014957
1.326259947,42.48899631
0.843881857,45.96045696
1.075268817,38.56365374
0.346320346,34.88876266
1.366120219,45.56764323
0.271682341,32.86023707
2.1875,32.1530248
2.474226804,31.00881548
1.712328767,28.27852472
2.393617021,28.30702709
1.402524544,53.71268046
0.544959128,41.14795892
1.858736059,59.03002528
1.286173633,92.38448549
1.578947368,61.83460045
1.904761905,34.85833864
1.916932907,103.7928013
3.194888179,16.90487288
0.463768116,85.01153895
3.937007874,19.97973519
0.892857143,32.94943015
0.961538462,47.41768431
0.531914894,30.3149991
0.766283525,26.42429109
0.091407678,64.16918982
1.408450704,22.34380987
1.788617886,41.45412663
2.472187886,36.02317965
2.380952381,51.17639298
2.305475504,45.70353275
1.554404145,26.30110118
3.546099291,15.89570187
1.278772379,23.8650097
2.613240418,32.44717832
3.629764065,16.54748335
0.961538462,28.39500132
0.177619893,55.74930658
2.521008403,24.10311526
10.40312094,18.90820681
1.464435146,30.26401397
3.412969283,8.381120473
1.503355705,21.5727803
3.211991435,44.04115371
0.484652666,83.46595133
0.526315789,36.74901623
0.450958286,44.28377348
0.787401575,76.98603852
0.217864924,25.31745108
1.333333333,20.08253594
3.361344538,24.52324488
3.249097473,12.06719108
1.094890511,3.835761004
2.3988006,33.27669874
0.848484848,31.62510559
0.438596491,29.65528097
2.315270936,33.1049848
1.129943503,53.58817585
2,45.77132467
2.586206897,21.2474293
0.840336134,32.03161841
1.358234295,25.90104265
5.639097744,18.13212593
6.849315068,22.60752987
7.107023411,17.05106939
1.777251185,41.24340047
3.125,35.25737671
0.386100386,44.21885194
0.465116279,19.64292076
0.657894737,83.56278385
1.923076923,29.78992926
2.547770701,39.49280686
2.098569157,38.50938234
1.138952164,25.64853787
0.78125,94.85007089
0.30418251,42.55835544
0.201207243,63.21416517
0.232142857,97.161228
2.06185567,63.82230419
0.58411215,74.03166981
4.864864865,32.3579191
1.079913607,49.6399482
0.370828183,46.30528398
0.252525253,35.64980558
0.043327556,64.78587863
1.050420168,91.63843936
0.687285223,57.70832805
2.057613169,37.57901911
0.819672131,58.96564315
0.699844479,67.78384289
0.949367089,13.32846054
2.645502646,21.07851234
3.03030303,34.63130283
1.096892139,67.45260051
0.35335689,33.40699973
1.283547258,99.38944113
4.573170732,20.38684936
6.41025641,19.78003327
0.957854406,28.17305
0.486381323,38.55993706
2.89017341,45.58744579
0.581818182,49.08149522
1.832460733,24.01119414
0.772797527,35.63315212
1.908396947,101.2243267
0.574712644,86.93738006
0.25,32.09149825
3.086419753,29.84862043
2.34741784,45.47746509
2.436647173,11.23741006
1.6,33.60259571
0.747663551,33.68478498
1.884422111,112.1558882
1.333333333,47.99068759
4.214963119,9.996098384
1.111111111,30.93765642
1.83908046,37.07601362
1.173020528,266.5602073
4.021447721,29.82136384
0.512820513,57.4264108
1.234567901,87.5311097
4.528985507,13.99002012
3.535353535,25.22985055
1.858736059,30.44425116
6.587615283,12.74619455
1.030927835,44.73772199
2.928257687,64.53149904
0.744920993,105.4824499
2.894356006,21.80831935
4.444444444,19.66289789
0.241545894,312.0627722
0.35971223,122.7988909
4.04040404,23.10564955
2.01511335,37.18021225
0.302267003,144.4590029
1.302083333,29.79191542
2.204724409,14.89294605
1.25,32.86725068
1.244813278,74.38765013
0.241545894,30.6918856
2.19269103,23.50887414
6.137184116,12.1373407
13.86138614,2.878316708
5.445705024,52.07134139
2.588996764,38.56607312
0.733944954,63.85121555
5.027173913,34.31625757
1.046025105,47.59563609
0.664010624,21.6894649
0.938967136,32.51976889
0.625978091,76.43944534
2.427184466,45.37533061
2.183406114,19.94803127
1.183431953,28.41738689
0.733496333,38.01770337
0.903954802,28.87766402
0.63559322,29.87433016
0.864197531,19.9112919
2.380952381,38.36583407
2.068965517,29.27002626
3.55987055,98.46445361
0.663716814,65.59106679
3.067484663,13.2437852
1.661129568,38.7382269
1.769911504,12.90281046
1.353179973,106.5405233
1.319261214,58.56008643
1.221374046,39.02199134
4.615384615,28.17331063
1.408450704,29.0371282
0.272727273,128.7810896
2.377807133,35.50465851
4.262295082,121.6159792
0.481540931,28.47868029
2.100840336,30.8603992
1.004016064,34.56761366
0.13568521,58.75228559
0.939849624,27.16821964
0.685714286,87.49016505
3.105590062,27.40399169
1.123595506,77.4038735
0.858369099,26.88487973
0.422832981,43.00717649
3.080308031,23.8237099
0.626865672,101.4975006
2.222222222,71.84315749
0.427350427,56.27132906
1.147540984,34.16098985
1.699029126,13.11833605
4.728132388,21.65464299
2.415458937,47.79597803
0.838574423,48.5142403
1.911764706,22.15542739
1.295336788,13.78033078
0.412371134,33.9935206
4.592901879,26.97574584
1.138211382,39.48640961
3.468208092,22.90408063
1.769911504,30.24453548
1.634877384,26.01931986
0.1953125,38.07278905
2.121640736,21.85320462
1.094890511,34.21219018
2.955665025,16.59004345
3.2,17.38235034
0.268817204,91.83085456
4.694835681,34.69908276
2.968460111,24.50516895
1.5,45.09936849
1.196581197,35.10819224
2.364864865,30.09144442
1.728110599,9.755741175
5.894736842,37.40252404
5.942622951,74.587614
2.491103203,12.19324333
0.966850829,37.68467817
2.496878901,39.3331947
1.397205589,28.32307247
1.495327103,40.97513137
5.054151625,21.26642993
1.414427157,34.5709432
1.231527094,31.80148483
3.539823009,20.22699153
5.347593583,8.676340358
1.339285714,16.54504352
2.077922078,32.52416491
2.300613497,48.88191494
3.937007874,11.33740031
1.307189542,30.83464972
4.329004329,32.49132591
1.731601732,56.7563839
1.685393258,49.87993011
0.462962963,22.35341396
3.96039604,44.50951738
2.660217654,23.3893525
1.53609831,17.91037098
3.534031414,16.41007956
1.811594203,35.76250978
1.53256705,62.41125426
1.700680272,23.86982813
1.794871795,77.59402024
1.895734597,17.85117025
1.320422535,20.64416662
0.537634409,53.81478487
0.332778702,75.40760566
2.860858257,26.97189129
1.24386252,61.09668734
5.445544554,22.94330729
5.833333333,39.74698321
1.450777202,25.10691842
2.912621359,29.01803661
4.677248677,35.64754701
3.93442623,21.25847454
1.80878553,66.99531335
2.688172043,20.44220024
1.820250284,23.78384443
1.793721973,35.38826336
1.619433198,23.47667832
1.597444089,13.9244209
1.412429379,29.21028257
0.570342205,31.51012935
0.912162162,35.48762693
4.451510334,19.42742068
1.413760603,58.11462895
0.692840647,49.30204478
0.417101147,31.13121787
4.599211564,73.85387685
1.256281407,55.35131464
2.170767004,32.76492604
5.629139073,37.97275151
1.328903654,54.90351882
1.923076923,18.01382834
25.05219207,20.48938983
1.986754967,23.56338274
2.469135802,48.51444489
1.015625,28.87915412
1.382488479,32.47007673
0.677966102,72.03889021
0.582147477,34.36390858
1.481481481,41.99145119
1.511335013,35.62489137
0.471698113,22.31527666
1.92926045,22.17217831
4.192872117,32.25766783
0.909090909,27.84244427
1.662707838,34.79977119
2.02020202,37.84870681
3.566878981,22.7686288
7.243243243,23.95883472
1.743697479,30.6809064
1.059001513,26.06841286
1.802265705,20.75348958
1.221640489,47.62907295
4.580152672,31.63861917
5.825242718,27.30295137
0.401606426,54.41258721
2.547770701,28.82393149
6.26566416,20.79325491
1.587301587,19.00315332
0.700190961,24.03564552
0.364963504,17.59001424
2.104377104,27.80816217
3.696857671,27.1027425
6.21669627,18.71220725
0.259259259,107.1672723
2.18579235,74.54850653
1.38121547,33.64336148
0.289115646,36.20088689
0.433168317,26.64458676
0.301507538,47.20235408
1.5,41.08118452
6.571428571,34.1289143
5.416012559,27.17845909
0.651685393,36.15636168
2.117647059,60.81556684
4.338394794,27.02515235
3.094777563,82.49532156
0.677966102,48.81930747
2.583979328,51.64458453
2.053915276,48.54159529
0.607902736,50.6340027
11.78707224,17.61939091
2.465986395,54.27336275
1.091703057,53.88740385
0.793650794,81.25806931
0.830564784,62.9362337
3.183520599,32.93563001
0.811688312,72.20216613
1.044932079,41.01811262
6.818181818,26.47098718
1.526717557,27.2143509
2.147651007,20.58084417
4.49943757,27.36916435
2.557319224,23.69250961
1.848341232,40.95329227
1.550387597,24.51888618
2.127659574,23.5451193
0.730994152,28.80305363
4.019292605,44.07733891
17.76937618,5.483042553
1.052631579,57.76288161
2.139800285,25.3246188
2.298850575,32.12893464
2.30995106,18.95410382
3.571428571,23.06341095
0.896860987,102.9953304
2.027027027,15.67288005
2.4600246,20.59357041
0.65,0.240490933
0.9,0.240490933
0.9,0.240490933
1,0.240490933
0.55,0.240490933
0.4,0.240490933
0.45,0.240490933
0.48,0.240490933
0.5,0.240490933
0.4,0.240490933
0.8,0.207324621
1.1,0.207324621
0.9,0.301971505
1.1,0.301971505
0.8,0.301971505
0.8,0.301971505
0.37,0.490247423
0.66,0.490247423
0.68,0.490247423
0.7,0.490247423
0.52,0.490247423
0.81,0.490247423
0.83,0.490247423
0.85,0.490247423
0.76,0.490247423
0.65,0.490247423
0.9,0.490247423
0.95,0.490247423
1,0.490247423
0.62,0.490247423
0.91,0.490247423
0.93,0.490247423
0.95,0.490247423
0.75,0.549174165
0.8,0.549174165
1,0.549174165
0.7,0.549174165
0.8,0.549174165
0.37,0.216146135
0.62,0.216146135
0.82,0.216146135
1.01,0.216146135
0.82,0.216146135
1.02,0.216146135
1.21,0.216146135
0.47,0.216146135
0.72,0.216146135
0.92,0.216146135
1.11,0.216146135
1.1,0.216146135
0.45,0.373684652
0.5,0.373684652
0.55,0.373684652
0.6,0.373684652
0.45,0.373684652
0.5,0.373684652
0.55,0.373684652
0.6,0.373684652
0.7,0.398628992
0.55,0.398628992
0.7,0.398628992
0.75,0.398628992
0.8,0.398628992
0.55,0.398628992
0.7,0.398628992
0.75,0.398628992
0.8,0.398628992
0.9,0.398628992
1.1,0.398628992
0.55,0.398628992
0.6,0.398628992
0.65,0.398628992
0.65,0.550896713
0.9,0.550896713
0.75,0.550896713
1,0.550896713
1.05,0.550896713
0.96,0.772119567
1.12,0.772119567
0.82,0.772119567
1.07,0.772119567
0.6,1.867226196
0.7,1.867226196
0.79,1.867226196
0.84,1.867226196
0.75,1.867226196
0.85,1.867226196
0.9,1.867226196
1.05,1.867226196
0.6,0.217377194
0.7,0.217377194
0.75,0.217377194
0.75,0.217377194
0.9,0.253844002
1,0.253844002
1.1,0.253844002
0.5,0.253844002
0.6,0.253844002
0.7,0.253844002
0.8,0.253844002
0.5,0.253844002
0.6,0.253844002
0.7,0.253844002
0.8,0.253844002
0.65,0.295189941
0.85,0.295189941
0.75,0.295189941
0.6,0.295189941
0.65,0.295189941
0.7,0.295189941
0.65,0.209992243
0.5,0.209992243
0.65,0.209992243
0.7,0.209992243
0.75,0.209992243
0.5,0.209992243
0.8,0.209992243
0.8,2.649019938
1.1,2.649019938
1.15,2.649019938
1.2,2.649019938
1,2.649019938
1.3,2.649019938
1.35,2.649019938
1.4,2.649019938
0.7,0.303658299
0.9,0.303658299
1.05,0.303658299
0.7,0.303658299
0.9,0.303658299
0.95,0.303658299
1.2,0.303658299
0.8,0.177076458
1,0.177076458
1.05,0.177076458
1.1,0.177076458
1.2,4.058781565
1.9,4.058781565
1.9,4.058781565
2,4.058781565
1.2,4.058781565
1.9,4.058781565
1.9,4.058781565
2,4.058781565
1.25,4.058781565
1.95,4.058781565
1.95,4.058781565
2.05,4.058781565
1.25,4.058781565
1.95,4.058781565
1.95,4.058781565
2.05,4.058781565
1.3,4.058781565
2,4.058781565
2,4.058781565
2.1,4.058781565
1.3,4.058781565
2,4.058781565
2,4.058781565
2.1,4.058781565
1.9,4.058781565
1.9,4.058781565
1.9,4.058781565
1.9,4.058781565
1.9,4.058781565
1.9,4.058781565
2,4.058781565
2,4.058781565
1.87,4.058781565
1.87,4.058781565
1.3,1.600067974
1.7,1.600067974
1.7,1.600067974
1.7,1.600067974
1.3,1.600067974
1.7,1.600067974
1.7,1.600067974
1.7,1.600067974
1.7,2.574447167
1.8,2.574447167
1.9,0.278694581
1.9,0.278694581
1.9,0.278694581
1.9,0.278694581
1.5,0.278694581
1.8,0.278694581
1.8,0.278694581
1.5,0.278694581
1.8,0.278694581
1.8,0.278694581
1.4,2.60003406
1.7,2.60003406
1.7,2.60003406
1.7,2.60003406
1.4,2.60003406
1.7,2.60003406
1.7,2.60003406
1.7,2.60003406
1.4,2.858293303
1.8,2.858293303
1.9,2.858293303
1.9,2.858293303
1.4,2.858293303
1.8,2.858293303
1.9,2.858293303
1.9,2.858293303
1.5,2.504217381
1.8,2.504217381
1.8,2.504217381
1.8,2.504217381
1.5,2.504217381
1.8,2.504217381
1.8,2.504217381
1.8,2.504217381
1.3,2.504217381
1.8,2.504217381
1.9,2.504217381
1.9,2.504217381
1.3,2.504217381
1.8,2.504217381
1.9,2.504217381
1.9,2.504217381
1.3,2.504217381
1.9,2.504217381
2,2.504217381
1.3,2.504217381
1.9,2.504217381
2,2.504217381
1.4,1.463984482
1.8,1.463984482
1.8,1.463984482
1.8,1.463984482
1.4,1.463984482
1.8,1.463984482
1.8,1.463984482
1.8,1.463984482
1.4,1.463984482
1.9,1.463984482
1.9,1.463984482
1.9,1.463984482
1.4,1.463984482
1.9,1.463984482
1.9,1.463984482
1.9,1.463984482
1.4,1.463984482
1.9,1.463984482
1.9,1.463984482
1.9,1.463984482
1.4,1.463984482
1.9,1.463984482
1.9,1.463984482
1.9,1.463984482
1.4,1.463984482
1.9,1.463984482
1.9,1.463984482
1.9,1.463984482
1.4,1.463984482
1.9,1.463984482
1.9,1.463984482
1.9,1.463984482
1.6,1.284376769
1.8,1.284376769
1.8,1.284376769
1.6,1.284376769
1.8,1.284376769
1.8,1.284376769
0.7,10.61822215
1.2,10.61822215
1.1,10.61822215
1.1,10.61822215
0.7,10.61822215
1.2,10.61822215
1.1,10.61822215
1.1,10.61822215
1.4,4.378895374
2,4.378895374
1.4,4.378895374
2,4.378895374
1.29,4.378895374
1.78,4.378895374
1.86,4.378895374
1.3,4.378895374
1.8,4.378895374
1.9,4.378895374
2.01,2.858293303
2.01,2.858293303
2.01,2.858293303
2.01,2.858293303
2.01,2.858293303
2.01,2.858293303
1.4,1.982930848
1.9,1.982930848
1.9,1.982930848
1.9,1.982930848
1.4,1.982930848
1.9,1.982930848
1.9,1.982930848
1.9,1.982930848
1.3,4.065484433
1.4,4.065484433
1.4,4.065484433
1.5,4.065484433
1.3,4.065484433
1.4,4.065484433
1.4,4.065484433
1.5,4.065484433
1.9,4.065484433
1.9,4.065484433
1.9,4.065484433
1.9,4.065484433
1.9,4.065484433
1.9,4.065484433
1.4,2.809404973
1.5,2.809404973
1.5,2.809404973
1.6,2.809404973
1.4,2.809404973
1.5,2.809404973
1.5,2.809404973
1.6,2.809404973
1.8,2.440360988
2.05,2.440360988
1.7,2.440360988
1.7,2.440360988
1.8,2.440360988
2.05,2.440360988
1.7,2.440360988
1.7,2.440360988
1.8,2.440360988
2.05,2.440360988
1.7,2.440360988
1.7,2.440360988
1.8,2.440360988
2.05,2.440360988
1.7,2.440360988
1.7,2.440360988
1.3,0.922547136
1.9,0.922547136
2,0.922547136
2,0.922547136
1.3,0.922547136
1.9,0.922547136
2,0.922547136
2,0.922547136
1.5,6.394954246
2,6.394954246
2,6.394954246
1.5,6.394954246
2,6.394954246
2,6.394954246
1.6,6.394954246
1.9,6.394954246
1.9,6.394954246
1.9,6.394954246
1.6,6.394954246
1.9,6.394954246
1.9,6.394954246
1.9,6.394954246
2,1.768775861
2.05,1.768775861
1.4,1.197833375
2,1.197833375
2.1,1.197833375
2.1,1.197833375
1.4,1.197833375
2,1.197833375
2.1,1.197833375
2.1,1.197833375
1.4,1.197833375
1.7,1.197833375
1.7,1.197833375
1.7,1.197833375
1.4,1.197833375
1.7,1.197833375
1.7,1.197833375
1.7,1.197833375
1.5,1.197833375
1.8,1.197833375
1.8,1.197833375
1.5,1.197833375
1.8,1.197833375
1.8,1.197833375
1.4,3.546313264
1.9,3.546313264
1.9,3.546313264
1.9,3.546313264
1.4,3.546313264
1.9,3.546313264
1.9,3.546313264
1.9,3.546313264
1.3,3.546313264
1.9,3.546313264
2,3.546313264
2,3.546313264
1.3,3.546313264
1.9,3.546313264
2,3.546313264
2,3.546313264
1,3.546313264
1.6,3.546313264
1.6,3.546313264
1.6,3.546313264
1,3.546313264
1.6,3.546313264
1.6,3.546313264
1.6,3.546313264
1.4,3.546313264
2,3.546313264
2.05,3.546313264
1.4,3.546313264
2,3.546313264
2.05,3.546313264
1.4,0.165352202
1.9,0.165352202
1.9,0.165352202
1.9,0.165352202
1.4,0.165352202
1.9,0.165352202
1.9,0.165352202
1.9,0.165352202
1.3,0.644297437
2,0.644297437
2.1,0.644297437
2.2,0.644297437
1.3,0.644297437
2,0.644297437
2.1,0.644297437
2.2,0.644297437
2,0.644297437
2,0.644297437
2,0.644297437
2,0.644297437
2,0.644297437
2,0.644297437
1.1,2.239017914
1.8,2.239017914
1.8,2.239017914
1.8,2.239017914
1.1,2.239017914
1.8,2.239017914
1.8,2.239017914
1.8,2.239017914
1.4,2.239017914
1.9,2.239017914
1.9,2.239017914
1.9,2.239017914
1.4,2.239017914
1.9,2.239017914
1.9,2.239017914
1.9,2.239017914
2.05,2.239017914
2.05,2.239017914
1.7,2.239017914
1.7,2.239017914
1.7,2.239017914
1.7,2.239017914
1.7,2.239017914
1.7,2.239017914
2.15,2.239017914
2.15,2.239017914
1.2,1.76513439
1.6,1.76513439
1.6,1.76513439
1.2,1.76513439
1.6,1.76513439
1.6,1.76513439
1.2,1.76513439
1.65,1.76513439
1.65,1.76513439
1.2,1.76513439
1.65,1.76513439
1.65,1.76513439
1.4,0.062169347
2,0.062169347
1.4,0.062169347
2,0.062169347
1.25,0.176358139
1.9,0.176358139
1.9,0.176358139
1.9,0.176358139
1.25,0.176358139
1.9,0.176358139
1.9,0.176358139
1.9,0.176358139
1.9,0.176358139
1.9,0.176358139
1.9,0.176358139
1.9,0.176358139
1.9,0.176358139
1.9,0.176358139
1.25,0.176358139
1.9,0.176358139
1.9,0.176358139
1.9,0.176358139
1.25,0.176358139
1.9,0.176358139
1.9,0.176358139
1.9,0.176358139
1.6,1.423074966
2,1.423074966
2,1.423074966
2,1.423074966
1.6,1.423074966
2,1.423074966
2,1.423074966
2,1.423074966
1.4,4.065484433
1.9,4.065484433
2,4.065484433
2.1,4.065484433
1.4,4.065484433
1.9,4.065484433
2,4.065484433
2.1,4.065484433
1.9,4.065484433
1.9,4.065484433
1.9,4.065484433
1.9,4.065484433
1.9,4.065484433
1.9,4.065484433
1,3.115702826
2,3.115702826
2,3.115702826
1,3.115702826
2,3.115702826
2,3.115702826
1,3.115702826
2,3.115702826
2,3.115702826
1,3.115702826
2,3.115702826
2,3.115702826
1,3.115702826
2,3.115702826
2,3.115702826
1,3.115702826
2,3.115702826
2,3.115702826
1,3.115702826
2,3.115702826
2,3.115702826
1,3.115702826
2,3.115702826
2,3.115702826
1.3,3.835063474
2,3.835063474
2,3.835063474
1.3,3.835063474
2,3.835063474
2,3.835063474
1.3,3.835063474
2,3.835063474
2,3.835063474
1.3,3.835063474
2,3.835063474
2,3.835063474
1.5,0.708879483
2,0.708879483
2,0.708879483
1.5,0.708879483
2,0.708879483
2,0.708879483
1.4,7.103226675
1.6,7.103226675
1.6,7.103226675
1.4,7.103226675
1.6,7.103226675
1.6,7.103226675
1.7,4.118427462
1.8,4.118427462
1.8,4.118427462
1.2,4.118427462
1.7,4.118427462
1.8,4.118427462
1.8,4.118427462
1,4.118427462
1.6,4.118427462
1.6,4.118427462
1.6,4.118427462
1,4.118427462
1.6,4.118427462
1.6,4.118427462
1.6,4.118427462
1.5,2.382631424
1.9,2.382631424
2,2.382631424
2,2.382631424
1.5,2.382631424
1.9,2.382631424
2,2.382631424
2,2.382631424
1.6,2.382631424
2,2.382631424
2.1,2.382631424
2.1,2.382631424
1.6,2.382631424
2,2.382631424
2.1,2.382631424
2.1,2.382631424
1.6,2.382631424
2,2.382631424
2.1,2.382631424
2.1,2.382631424
1.6,2.382631424
2,2.382631424
2.1,2.382631424
2.1,2.382631424
1.4,2.239017914
2.05,2.239017914
2.1,2.239017914
2.15,2.239017914
1.4,2.239017914
2.05,2.239017914
2.1,2.239017914
2.15,2.239017914
1.5,2.68777374
1.8,2.68777374
1.8,2.68777374
1.5,2.68777374
1.8,2.68777374
1.8,2.68777374
1.5,2.68777374
2,2.68777374
2,2.68777374
1.5,2.68777374
2,2.68777374
2,2.68777374
1.9,2.68777374
1.9,2.68777374
1.9,3.888105067
1.9,3.888105067
1.9,3.888105067
1.9,3.888105067
1.9,3.888105067
1.9,3.888105067
1.5,3.96316305
1.9,3.96316305
1.95,3.96316305
2,3.96316305
1.5,3.96316305
1.9,3.96316305
1.95,3.96316305
2,3.96316305
1.5,1.221285348
1.9,1.221285348
1.5,1.221285348
1.9,1.221285348
1.5,3.224322178
2.1,3.224322178
2.1,3.224322178
1.5,3.224322178
2.1,3.224322178
2.1,3.224322178
1.4,1.249267108
1.9,1.249267108
2,1.249267108
2,1.249267108
1.4,1.249267108
1.9,1.249267108
2,1.249267108
2,1.249267108
1.5,1.249267108
2,1.249267108
2.1,1.249267108
2.1,1.249267108
1.5,1.249267108
2,1.249267108
2.1,1.249267108
2.1,1.249267108
1,4.118427462
1.6,4.118427462
1.6,4.118427462
1.6,4.118427462
1,4.118427462
1.6,4.118427462
1.6,4.118427462
1.6,4.118427462
1.4,2.533250354
1.9,2.533250354
1.9,2.533250354
1.9,2.533250354
1.4,2.533250354
1.9,2.533250354
1.9,2.533250354
1.9,2.533250354
1.4,2.533250354
2,2.533250354
2,2.533250354
2,2.533250354
1.4,2.533250354
2,2.533250354
2,2.533250354
2,2.533250354
1.6,6.610176957
2,6.610176957
2.05,6.610176957
2.1,6.610176957
1.6,6.610176957
2,6.610176957
2.05,6.610176957
2.1,6.610176957
1.4,0.767189406
1.9,0.767189406
1.9,0.767189406
1.9,0.767189406
1.4,0.767189406
1.9,0.767189406
1.9,0.767189406
1.9,0.767189406
1.3,0.767189406
1.9,0.767189406
1.9,0.767189406
1.9,0.767189406
1.3,0.767189406
1.9,0.767189406
1.9,0.767189406
1.9,0.767189406
1.6,0.767189406
2,0.767189406
2.05,0.767189406
2.1,0.767189406
1.6,0.767189406
2,0.767189406
2.05,0.767189406
2.1,0.767189406
1.3,0.767189406
2,0.767189406
2.1,0.767189406
2.2,0.767189406
1.3,0.767189406
2,0.767189406
2.1,0.767189406
2.2,0.767189406
1.3,5.587246148
2,5.587246148
2,5.587246148
2,5.587246148
1.3,5.587246148
2,5.587246148
2,5.587246148
2,5.587246148
1.91,2.858293303
1.91,2.858293303
1.91,2.858293303
1.91,2.858293303
1.91,2.858293303
1.91,2.858293303
1.4,2.858293303
1.8,2.858293303
1.9,2.858293303
1.9,2.858293303
1.4,2.858293303
1.8,2.858293303
1.9,2.858293303
1.9,2.858293303
2,3.96316305
2,3.96316305
2,3.96316305
2,3.96316305
2,3.96316305
2,3.96316305
2,3.96316305
2,3.96316305
2,3.96316305
2,3.96316305
2,3.96316305
2,3.96316305
1.5,3.96316305
1.9,3.96316305
1.95,3.96316305
2,3.96316305
1.5,3.96316305
1.9,3.96316305
1.95,3.96316305
2,3.96316305
1.5,3.96316305
1.9,3.96316305
1.95,3.96316305
2,3.96316305
1.5,3.96316305
1.9,3.96316305
1.95,3.96316305
2,3.96316305
2,3.96316305
2,3.96316305
2,3.96316305
2,3.96316305
2,3.96316305
2,3.96316305
1.8,3.96316305
1.8,3.96316305
1.8,3.96316305
1.6,6.955572034
1.9,6.955572034
1.9,6.955572034
1.6,6.955572034
1.9,6.955572034
1.9,6.955572034
1.7,6.955572034
1.65,6.955572034
1.95,6.955572034
1.95,6.955572034
1.65,6.955572034
1.95,6.955572034
1.95,6.955572034
1.75,6.955572034
1.65,6.955572034
1.95,6.955572034
1.95,6.955572034
1.65,6.955572034
1.95,6.955572034
1.95,6.955572034
1.2,2.900726982
1.7,2.900726982
1.7,2.900726982
1.7,2.900726982
1.2,2.900726982
1.7,2.900726982
1.7,2.900726982
1.7,2.900726982
1.2,1.168115775
1.8,1.168115775
1.8,1.168115775
1.2,1.168115775
1.8,1.168115775
1.8,1.168115775
1.2,1.168115775
1.75,1.168115775
1.75,1.168115775
1.2,1.168115775
1.75,1.168115775
1.75,1.168115775
1.8,0.384464021
2.13,0.384464021
1.8,0.384464021
1.8,0.384464021
1.8,0.384464021
2.13,0.384464021
1.8,0.384464021
1.8,0.384464021
1.3,1.506151654
1.7,1.506151654
1.3,1.506151654
1.7,1.506151654
1.75,1.506151654
1.75,1.506151654
1.7,1.506151654
1.7,1.506151654
1.1,2.677599739
1.8,2.677599739
1.8,2.677599739
1.8,2.677599739
1.1,2.677599739
1.8,2.677599739
1.8,2.677599739
1.8,2.677599739
1.5,1.221285348
1.9,1.221285348
1.5,1.221285348
1.9,1.221285348
1.5,1.221285348
1.9,1.221285348
1.5,1.221285348
1.9,1.221285348
1.4,9.509318402
1.91,9.509318402
1.91,9.509318402
1.4,9.509318402
1.91,9.509318402
1.91,9.509318402
1.4,9.509318402
1.91,9.509318402
1.91,9.509318402
1.4,9.509318402
1.91,9.509318402
1.91,9.509318402
1.5,9.509318402
2.01,9.509318402
2.01,9.509318402
1.5,9.509318402
2.01,9.509318402
2.01,9.509318402
1.6,9.509318402
1.7,0.644297437
1.7,0.644297437
1.7,0.644297437
1.7,0.644297437
1.7,0.644297437
1.7,0.644297437
2.05,0.644297437
2.05,0.644297437
2.05,0.644297437
2.05,0.644297437
2.05,0.644297437
2.05,0.644297437
1.3,1.466998523
1.4,1.466998523
1.4,1.466998523
1.4,1.466998523
1.3,1.466998523
1.4,1.466998523
1.4,1.466998523
1.4,1.466998523
1.4,2.443437295
2,2.443437295
2,2.443437295
1.4,2.443437295
2,2.443437295
2,2.443437295
1.4,2.443437295
2,2.443437295
2,2.443437295
1.4,2.443437295
2,2.443437295
2,2.443437295
0.9,1.942203314
2.1,1.942203314
1.75,1.942203314
1.75,1.942203314
0.9,1.942203314
2.1,1.942203314
1.75,1.942203314
1.75,1.942203314
1.4,5.234106578
1.7,5.234106578
1.73,5.234106578
1.75,5.234106578
1.4,5.234106578
1.7,5.234106578
1.73,5.234106578
1.75,5.234106578
1.4,5.234106578
2.05,5.234106578
2.08,5.234106578
2.1,5.234106578
1.4,5.234106578
2.05,5.234106578
2.08,5.234106578
2.1,5.234106578
1.4,5.234106578
2.05,5.234106578
2.08,5.234106578
2.1,5.234106578
1.4,5.234106578
2.05,5.234106578
2.08,5.234106578
2.1,5.234106578
1.6,1.423074966
2,1.423074966
2,1.423074966
2,1.423074966
1.6,1.423074966
2,1.423074966
2,1.423074966
2,1.423074966
2,1.423074966
2,1.423074966
2,1.423074966
2,1.423074966
2,1.423074966
2,1.423074966
2,1.423074966
2,1.423074966
2,1.423074966
2,1.423074966
2,1.423074966
2,1.423074966
2,1.423074966
2,1.423074966
2,1.423074966
2,1.423074966
2,1.423074966
2,1.423074966
2,1.423074966
2,1.423074966
2,1.423074966
2,1.423074966
2,1.423074966
2,1.423074966
1.6,1.423074966
2,1.423074966
2,1.423074966
2,1.423074966
1.6,1.423074966
2,1.423074966
2,1.423074966
2,1.423074966
1.3,1.102282808
1.9,1.102282808
2,1.102282808
2,1.102282808
1.3,1.102282808
1.9,1.102282808
2,1.102282808
2,1.102282808
1.5,6.307456004
2,6.307456004
2.1,6.307456004
1.5,6.307456004
2,6.307456004
2.1,6.307456004
1.5,6.307456004
2,6.307456004
2.1,6.307456004
1.5,6.307456004
2,6.307456004
2.1,6.307456004
1.2,8.754393168
1.35,8.754393168
1.35,8.754393168
1.35,8.754393168
1.2,8.754393168
1.35,8.754393168
1.35,8.754393168
1.35,8.754393168
1.2,8.754393168
1.35,8.754393168
1.35,8.754393168
1.35,8.754393168
1.2,8.754393168
1.35,8.754393168
1.35,8.754393168
1.35,8.754393168
1.3,2.269513968
1.9,2.269513968
1.9,2.269513968
1.9,2.269513968
1.3,2.269513968
1.9,2.269513968
1.9,2.269513968
1.9,2.269513968
1.3,2.269513968
1.9,2.269513968
1.9,2.269513968
1.9,2.269513968
1.3,2.269513968
1.9,2.269513968
1.9,2.269513968
1.9,2.269513968
2,2.269513968
2,2.269513968
2,2.269513968
2,2.269513968
2,2.269513968
2,2.269513968
2,2.269513968
2,2.269513968
2,2.269513968
2,2.269513968
2,2.269513968
2,2.269513968
1.6,6.394954246
1.9,6.394954246
1.9,6.394954246
1.9,6.394954246
1.6,6.394954246
1.9,6.394954246
1.9,6.394954246
1.9,6.394954246
1.8,1.600067974
1.8,1.600067974
1.8,1.600067974
1.8,1.600067974
1.8,1.600067974
1.8,1.600067974
1.8,1.32500193
1.8,1.32500193
1.5,1.32500193
1.9,1.32500193
1.9,1.32500193
1.5,1.32500193
1.9,1.32500193
1.9,1.32500193
1.7,2.483512879
1.9,2.483512879
1.9,2.483512879
1.9,2.483512879
1.7,2.483512879
1.9,2.483512879
1.9,2.483512879
1.9,2.483512879
1.7,2.483512879
2,2.483512879
2,2.483512879
2,2.483512879
1.7,2.483512879
2,2.483512879
2,2.483512879
2,2.483512879
1.2,2.900726982
1.6,2.900726982
1.6,2.900726982
1.6,2.900726982
1.2,2.900726982
1.6,2.900726982
1.6,2.900726982
1.6,2.900726982
1.2,0.970090135
1.85,0.970090135
1.9,0.970090135
1.9,0.970090135
1.2,0.970090135
1.85,0.970090135
1.9,0.970090135
1.9,0.970090135
1.3,3.888105067
1.8,3.888105067
1.9,3.888105067
1.9,3.888105067
1.3,3.888105067
1.8,3.888105067
1.9,3.888105067
1.9,3.888105067
1.3,3.888105067
1.9,3.888105067
1.9,3.888105067
1.9,3.888105067
1.3,3.888105067
1.9,3.888105067
1.9,3.888105067
1.9,3.888105067
1.4,1.600067974
1.8,1.600067974
1.8,1.600067974
1.8,1.600067974
1.4,1.600067974
1.8,1.600067974
1.8,1.600067974
1.8,1.600067974
1.4,1.600067974
1.8,1.600067974
1.8,1.600067974
1.8,1.600067974
1.4,1.600067974
1.8,1.600067974
1.8,1.600067974
1.8,1.600067974
1.2,4.721001969
2,4.721001969
2,4.721001969
2,4.721001969
1.2,4.721001969
2,4.721001969
2,4.721001969
2,4.721001969
2,4.721001969
2,4.721001969
2,4.721001969
2,4.721001969
1.2,4.721001969
2.1,4.721001969
2.1,4.721001969
2.1,4.721001969
1.2,4.721001969
2.1,4.721001969
2.1,4.721001969
2.1,4.721001969
1.2,4.721001969
2.1,4.721001969
2.1,4.721001969
2.1,4.721001969
1.2,4.721001969
2.1,4.721001969
2.1,4.721001969
2.1,4.721001969
1.9,5.347738116
1.9,5.347738116
2,5.347738116
2,5.347738116
2,5.347738116
2,5.347738116
2,5.347738116
2,5.347738116
1.7,0.240490933
1.8,0.240490933
1.9,0.240490933
1.7,0.240490933
1.8,0.240490933
1.9,0.240490933
1.5,0.240490933
1.05,0.240490933
0.7,0.240490933
0.8,0.240490933
0.7,0.240490933
0.6,0.240490933
1,0.240490933
0.9,0.240490933
0.8,0.240490933
1.9,0.240490933
1.9,0.240490933
1,0.207324621
1.3,0.207324621
1.4,0.207324621
1.45,0.207324621
0.95,0.207324621
1.1,0.207324621
1.2,0.207324621
1.25,0.207324621
3.3,0.207324621
2,0.301971505
1.8,0.301971505
1.7,0.301971505
1.5,0.301971505
1.01,0.490247423
1.03,0.490247423
1.05,0.490247423
1.01,0.490247423
1.03,0.490247423
1.05,0.490247423
1.21,0.490247423
1.05,0.490247423
1.35,0.490247423
1.1,0.490247423
1.05,0.490247423
1,0.490247423
0.75,0.490247423
0.2,0.549174165
0.3,0.549174165
0.65,0.549174165
0.85,0.549174165
0.95,0.549174165
1.05,0.549174165
0.8,0.549174165
0.9,0.549174165
1,0.549174165
0.8,0.549174165
0.7,0.216146135
0.6,0.216146135
0.5,0.216146135
1,0.216146135
0.9,0.216146135
0.8,0.216146135
0.7,0.216146135
1,0.216146135
1.1,0.216146135
1.2,0.216146135
0.4,0.216146135
0.7,0.216146135
0.8,0.216146135
0.9,0.216146135
1.2,0.216146135
0.9,0.373684652
0.8,0.373684652
0.7,0.373684652
0.8,0.373684652
0.7,0.373684652
0.9,0.373684652
0.5,0.373684652
0.7,0.373684652
0.75,0.373684652
0.85,0.373684652
1.05,0.398628992
1.15,0.398628992
1.2,0.398628992
0.8,0.398628992
0.75,0.398628992
0.7,0.398628992
0.8,0.398628992
0.7,0.398628992
0.75,0.398628992
0.8,0.398628992
0.6,0.398628992
0.8,0.398628992
0.9,0.398628992
0.9,0.550896713
1,0.550896713
1.15,0.550896713
1.2,0.550896713
1.1,0.550896713
0.8,0.550896713
0.9,0.550896713
1,0.550896713
1.1,0.550896713
0.9,0.550896713
0.95,0.550896713
1,0.550896713
0.8,0.772119567
1,0.772119567
1,0.772119567
0.8,0.772119567
0.75,0.772119567
0.7,0.772119567
0.93,1.867226196
1.03,1.867226196
1.18,1.867226196
0.8,1.867226196
0.9,1.867226196
1.05,1.867226196
1.1,1.867226196
0.94,1.867226196
1.09,1.867226196
1.25,1.867226196
1.4,0.217377194
1.2,0.217377194
1.1,0.217377194
0.7,0.217377194
0.85,0.217377194
1.25,0.217377194
1.35,0.217377194
1.55,0.217377194
1.25,0.217377194
1.35,0.217377194
1.55,0.217377194
0.65,0.217377194
1.15,0.217377194
1.15,0.217377194
1.25,0.217377194
0.85,0.217377194
0.9,0.217377194
1,0.217377194
1.1,0.217377194
1.1,0.217377194
0.55,0.217377194
0.95,0.217377194
1.05,0.217377194
1.25,0.217377194
1.2,0.253844002
1.6,0.253844002
2.2,0.253844002
1.1,0.253844002
1.2,0.253844002
0.9,0.253844002
1,0.253844002
1.1,0.253844002
0.8,0.253844002
0.55,0.253844002
0.6,0.253844002
0.65,0.253844002
0.75,0.253844002
0.45,0.253844002
0.5,0.253844002
0.55,0.253844002
0.65,0.253844002
0.7,0.295189941
0.5,0.295189941
0.5,0.295189941
0.6,0.295189941
0.65,0.295189941
0.94,0.295189941
0.97,0.295189941
1.05,0.295189941
0.94,0.295189941
0.97,0.295189941
1.05,0.295189941
1.24,0.295189941
1.27,0.295189941
1.36,0.295189941
1.1,0.209992243
1.1,0.209992243
1.1,0.209992243
1.2,0.209992243
1.4,0.209992243
0.7,0.209992243
0.25,0.209992243
0.35,0.209992243
0.55,0.209992243
1.8,2.649019938
1.85,2.649019938
1.9,2.649019938
1.45,2.649019938
1.4,2.649019938
1.35,2.649019938
1.15,2.649019938
1.1,0.303658299
1.2,0.303658299
1.3,0.303658299
1.1,0.303658299
1.2,0.303658299
1.3,0.303658299
1,0.303658299
1.1,0.303658299
1.2,0.303658299
1.9,0.303658299
1.8,0.303658299
1.7,0.303658299
1.1,0.303658299
1.3,0.303658299
0.6,0.303658299
0.65,0.303658299
0.7,0.303658299
1.9,0.303658299
2,0.303658299
2.1,0.303658299
1.1,0.303658299
1.3,0.303658299
0.9,0.177076458
1.1,0.177076458
1.2,0.177076458
1.3,0.177076458
1.6,4.058781565
2.2,4.058781565
2.2,4.058781565
2.3,4.058781565
2.6,4.058781565
2.7,4.058781565
2.8,4.058781565
2,1.600067974
2.1,1.600067974
2.2,1.600067974
1.5,1.600067974
1.5,1.600067974
1.5,1.600067974
1.8,0.278694581
2.3,0.278694581
2.4,0.278694581
2.5,0.278694581
3.1,0.278694581
2.7,0.278694581
2.7,0.278694581
2.7,0.278694581
2.1,3.546313264
2,3.546313264
2.4,3.546313264
2.5,3.546313264
2.6,3.546313264
2.3,3.546313264
2.2,3.546313264
2.1,3.546313264
1.8,3.546313264
2.6,3.546313264
2.7,3.546313264
2.8,3.546313264
2.6,3.546313264
2.7,3.546313264
2.8,3.546313264
2.1,6.394954246
2.5,6.394954246
2.6,6.394954246
2.7,6.394954246
3,6.394954246
2.9,6.394954246
2.8,6.394954246
2.5,6.394954246
1.7,6.394954246
1.7,6.394954246
1.7,6.394954246
1.6,6.394954246
2,1.463984482
2.4,1.463984482
2.4,1.463984482
2.5,1.463984482
2.6,1.463984482
2.5,1.463984482
2.5,1.463984482
2,1.463984482
2,1.463984482
2.5,1.463984482
2.5,1.463984482
2.6,1.463984482
2,1.463984482
2.5,1.463984482
2.5,1.463984482
2.6,1.463984482
2.2,1.284376769
2.2,1.284376769
2.2,1.284376769
2,1.284376769
1.8,1.284376769
1.8,1.284376769
2.2,1.197833375
2.1,1.197833375
2,1.197833375
2.5,1.197833375
2.4,1.197833375
2.1,1.197833375
1.9,5.347738116
2.7,2.68777374
2.6,2.68777374
2.6,2.68777374
2.2,2.68777374
2,2.68777374
2.5,2.68777374
2.6,2.68777374
2.6,2.68777374
2.5,2.68777374
2.6,2.68777374
2.7,2.68777374
1.5,4.378895374
1.7,4.378895374
1.8,4.378895374
1.8,4.378895374
2.1,2.809404973
2.5,2.809404973
2.6,2.809404973
2.7,2.809404973
2.8,2.809404973
2.7,2.809404973
2.6,2.809404973
2.2,2.809404973
2.4,2.440360988
2.6,2.440360988
2.8,2.440360988
2.8,2.440360988
1.8,2.440360988
2.05,2.440360988
1.7,2.440360988
1.7,2.440360988
1.7,2.440360988
1.7,2.440360988
2.05,2.440360988
1.8,2.440360988
2.8,2.440360988
2.8,2.440360988
2.6,2.440360988
2.4,2.440360988
1.3,5.587246148
2.2,5.587246148
2.3,5.587246148
2.3,5.587246148
2.5,5.587246148
2.4,5.587246148
2.3,5.587246148
1.7,5.587246148
1.7,5.587246148
2,5.587246148
2.1,5.587246148
2.2,5.587246148
2.05,1.768775861
2,1.768775861
2,1.768775861
1.9,5.347738116
2.1,3.546313264
2.7,3.546313264
2.9,3.546313264
2.9,3.546313264
2,3.546313264
2.5,3.546313264
2.7,3.546313264
3,3.546313264
2.1,3.546313264
2,3.546313264
2,3.546313264
1.4,3.546313264
2.6,0.922547136
2.6,0.922547136
2.3,0.922547136
1.6,0.922547136
2.1,0.922547136
2.1,0.922547136
2.1,0.922547136
1.7,0.922547136
1.4,0.922547136
2,0.922547136
2.1,0.922547136
2.2,0.922547136
2.3,0.922547136
2.4,0.922547136
2.5,0.922547136
2.6,0.922547136
2.8,0.922547136
3,0.922547136
3.2,0.922547136
4.5,0.922547136
1.7,0.767189406
2.1,0.767189406
2.1,0.767189406
2.1,0.767189406
1.4,0.767189406
2,0.767189406
2.1,0.767189406
2.2,0.767189406
2,4.378895374
2,4.378895374
1.9,4.378895374
1.7,4.378895374
2.9,4.378895374
2.9,4.378895374
2.7,4.378895374
2.1,4.378895374
1.7,4.378895374
2.3,4.378895374
2.3,4.378895374
2.3,4.378895374
1.2,4.378895374
1.6,4.378895374
1.6,4.378895374
1.6,4.378895374
1.9,4.378895374
1.9,4.378895374
1.7,4.378895374
1.3,4.378895374
2.2,4.378895374
2.1,4.378895374
2,4.378895374
1.5,4.378895374
2.1,6.394954246
2.5,6.394954246
2.6,6.394954246
2.7,6.394954246
1.4,6.394954246
2.2,6.394954246
2.2,6.394954246
2.2,6.394954246
2,6.394954246
2.5,6.394954246
2.7,6.394954246
3,6.394954246
2,6.394954246
2.5,6.394954246
2.6,6.394954246
2.7,6.394954246
1.6,6.394954246
1.7,6.394954246
1.7,6.394954246
1.7,6.394954246
1.6,0.062169347
2.3,0.062169347
2.6,0.062169347
2.6,0.062169347
2.05,0.176358139
2.05,0.176358139
2.05,0.176358139
2.5,1.197833375
2.7,1.197833375
2.8,1.197833375
2.9,1.197833375
2,1.197833375
2.5,1.197833375
2.6,1.197833375
2.6,1.197833375
1.6,1.197833375
2,1.197833375
2,1.197833375
2,1.197833375
1,1.197833375
0.9,1.197833375
0.9,1.197833375
0.7,1.197833375
1.2,1.197833375
1.1,1.197833375
1.1,1.197833375
2.5,1.197833375
2.6,1.197833375
2.7,1.197833375
2.5,1.197833375
2.6,1.197833375
1,3.115702826
2,3.115702826
2,3.115702826
1,3.115702826
2,3.115702826
2,3.115702826
2,3.115702826
2,3.115702826
1,3.115702826
1,3.115702826
2,3.115702826
2,3.115702826
2,3.835063474
2.4,3.835063474
2.5,3.835063474
2.5,3.835063474
2.5,3.835063474
2.5,3.835063474
2.4,3.835063474
2,3.835063474
2.1,2.239017914
2.3,2.239017914
3,2.239017914
2.5,2.239017914
2.6,2.239017914
2.7,2.239017914
1.3,2.382631424
2.3,2.382631424
2.4,2.382631424
2.4,2.382631424
1.5,2.382631424
1.9,2.382631424
2,2.382631424
2,2.382631424
2.1,2.382631424
2.1,2.382631424
2,2.382631424
1.6,2.382631424
2.5,2.382631424
2.5,2.382631424
2.4,2.382631424
1.4,2.382631424
2.4,2.382631424
2.5,2.382631424
2.5,2.382631424
2.5,2.382631424
2.5,2.382631424
2.4,2.382631424
1.4,2.382631424
2.4,3.224322178
2.4,3.224322178
2.4,3.224322178
2.5,3.224322178
2.4,3.224322178
2.4,3.224322178
2.4,3.224322178
2.5,3.224322178
2.5,3.224322178
2.4,3.224322178
2.4,3.224322178
2.4,3.224322178
2.2,1.249267108
2.3,1.249267108
2.4,1.249267108
2.5,1.249267108
2.3,1.249267108
2.4,1.249267108
2.5,1.249267108
2.6,1.249267108
2.2,5.587246148
2.1,5.587246148
2,5.587246148
1.7,5.587246148
1.8,2.858293303
2.6,2.858293303
2.7,2.858293303
2.8,2.858293303
3,2.858293303
3,2.858293303
2.3,2.858293303
2.3,2.858293303
2.3,2.858293303
1.9,3.96316305
2,3.96316305
2.1,3.96316305
2.2,3.96316305
2.3,6.955572034
2.4,6.955572034
2.5,6.955572034
2.5,6.955572034
2.4,6.955572034
2.4,6.955572034
2.3,6.955572034
2.2,6.955572034
2.3,6.955572034
2.4,6.955572034
2.5,6.955572034
2.5,6.955572034
1.3,1.168115775
1.3,1.168115775
1.3,1.168115775
1,1.168115775
2.1,1.168115775
2.1,1.168115775
2.1,1.168115775
1.6,1.168115775
1.65,1.168115775
2.15,1.168115775
2.15,1.168115775
2.15,1.168115775
1.05,1.168115775
1.35,1.168115775
1.35,1.168115775
1.35,1.168115775
1.3,1.506151654
1.8,1.506151654
1.9,1.506151654
2.1,1.506151654
1.3,1.506151654
1.7,1.506151654
1.7,1.506151654
1.3,1.506151654
2.1,1.506151654
1.9,1.506151654
1.8,1.506151654
1.3,1.506151654
2.9,1.221285348
2.7,1.221285348
2.5,1.221285348
2,1.221285348
2,1.221285348
2.5,1.221285348
2.7,1.221285348
2.9,1.221285348
2,1.221285348
2.5,1.221285348
2.7,1.221285348
2.9,1.221285348
2.3,9.509318402
2.3,9.509318402
2.2,9.509318402
2.1,9.509318402
2.2,9.509318402
2.3,9.509318402
2.4,9.509318402
2.4,9.509318402
2.2,9.509318402
2.3,9.509318402
2.4,9.509318402
2.4,9.509318402
2.1,2.179927995
2.2,2.179927995
2.3,2.179927995
2.1,2.179927995
2.2,2.179927995
2.3,2.179927995
1.7,0.062169347
1.8,0.062169347
1.8,0.062169347
1.8,0.062169347
2.3,5.234106578
2.5,5.234106578
2.6,5.234106578
2.7,5.234106578
2.3,5.234106578
2.5,5.234106578
2.6,5.234106578
2.7,5.234106578
2.7,5.234106578
2.6,5.234106578
2.5,5.234106578
2.3,5.234106578
1.7,1.423074966
2.1,1.423074966
2.1,1.423074966
2.1,1.423074966
1.7,1.423074966
2.1,1.423074966
2.1,1.423074966
2.1,1.423074966
2.1,1.423074966
2.1,1.423074966
2.1,1.423074966
1.7,1.423074966
1.6,1.102282808
2.4,1.102282808
2.5,1.102282808
2.6,1.102282808
2.9,6.307456004
2.7,6.307456004
2.5,6.307456004
2,6.307456004
2.1,6.307456004
2.6,6.307456004
2.8,6.307456004
3,6.307456004
2,8.754393168
2.1,8.754393168
2.1,8.754393168
2.1,8.754393168
2,2.269513968
2.2,2.269513968
2.3,2.269513968
2.3,2.269513968
2,2.269513968
2.2,2.269513968
2.3,2.269513968
2.3,2.269513968
1.6,6.394954246
1.7,6.394954246
1.7,6.394954246
1.7,6.394954246
2.3,1.32500193
2.4,1.32500193
2.5,1.32500193
2.5,1.32500193
2.6,1.32500193
2.6,1.32500193
2.5,1.32500193
2.4,1.32500193
2,2.483512879
2,2.483512879
2,2.483512879
1.9,2.483512879
1.9,2.483512879
1.9,2.483512879
2.3,2.483512879
2.3,2.483512879
2.3,2.483512879
2,2.900726982
2.3,2.900726982
2.5,2.900726982
2.6,2.900726982
2,0.970090135
2.3,0.970090135
2.4,0.970090135
2.5,0.970090135
2,3.888105067
2.6,3.888105067
2.7,3.888105067
2.7,3.888105067
3,3.888105067
3.1,3.888105067
2.8,3.888105067
2.8,3.888105067
2.7,3.888105067
2,3.888105067
1.6,1.600067974
1.6,1.600067974
1.6,1.600067974
2.3,1.600067974
2.2,1.600067974
2.1,1.600067974
1.6,1.600067974
1.6,1.600067974
1.6,1.600067974
2.3,1.600067974
2.2,1.600067974
2.1,1.600067974
1.6,4.721001969
1.8,4.721001969
2,4.721001969
2.2,4.721001969
1.6,4.721001969
1.9,4.721001969
2.1,4.721001969
2.3,4.721001969
1.9,4.721001969
2.1,4.721001969
3.2,4.721001969
1.6,4.721001969
1.9,4.721001969
2.1,4.721001969
2.3,4.721001969
1.9,4.721001969
2.1,4.721001969
3.2,4.721001969
3,4.721001969
2.8,4.721001969
5,4.721001969
1.8,4.721001969
2,4.721001969
3,4.721001969
3,4.721001969
3,4.721001969
1.5,4.721001969
1.707,0
1.608,0
1.299,0
0.963,0
0.695,0
