,index,상품명,수익률,위험도,상품유형
0,0,제룡산업,1.893939393939394,23.800642127974513,배당금
1,1,삼진,1.8957345971563981,19.971135843354354,배당금
2,2,KG모빌리언스,2.2598870056497176,47.15938166895081,배당금
3,3,남화산업,0.41841004184100417,40.9081300537039,배당금
4,4,만도,1.4157014157014158,49.2361468216007,배당금
5,5,칩스앤미디어,1.2614107883817427,91.42654627806894,배당금
6,6,대한화섬,0.4664391353811149,18.434555356750664,배당금
7,7,동국산업,3.430079155672823,54.9638231890701,배당금
8,8,현대엘리베이터,2.2332506203473943,25.118549670352184,배당금
9,9,휴네시온,0.625,35.69694013572505,배당금
10,10,화일약품,1.141552511415525,49.817380855925535,배당금
11,11,덕성,0.2079002079002079,120.97230085879649,배당금
12,12,한국주철관공업,2.4096385542168677,19.01163230896169,배당금
13,13,하이즈항공,1.1296296296296295,90.78159740617367,배당금
14,14,세운메디칼,1.1013215859030838,64.05708634739756,배당금
15,15,동부건설,5.737704918032787,20.64144589914037,배당금
16,16,서린바이오,0.7662835249042145,60.18864409956182,배당금
17,17,한국콜마홀딩스,0.7471264367816092,35.8958924713933,배당금
18,18,한국콜마,0.7028753993610224,27.24587330448936,배당금
19,19,강남제비스코,2.840909090909091,16.04773270118657,배당금
20,20,코위버,2.0242914979757085,26.64455592314856,배당금
21,21,하나마이크론,0.6313131313131313,47.95360434747798,배당금
22,22,SK증권,1.3477088948787064,21.341573621986555,배당금
23,23,시큐브,0.6622516556291391,39.22791958977821,배당금
24,24,알서포트,0.1702127659574468,75.84010249649191,배당금
25,25,에너토크,1.1074197120708749,46.61889328435161,배당금
26,26,한국카본,1.1320754716981132,53.81830383793129,배당금
27,27,팜스빌,1.8518518518518516,37.02299344459217,배당금
28,28,하이골드12호,26.129032258064516,16.711083074255118,배당금
29,29,하이골드3호,4.194756554307117,12.200088752386174,배당금
30,30,SK네트웍스,2.466598150051387,21.63804229479095,배당금
31,31,DRB동일,1.5037593984962405,40.01089287810718,배당금
32,32,어보브반도체,1.9900497512437811,37.980580790957134,배당금
33,33,광진윈텍,3.4013605442176873,35.40995785248221,배당금
34,34,세명전기,2.0408163265306123,22.875787261924614,배당금
35,35,한국타이어앤테크놀로지,1.634472511144131,32.38509755876164,배당금
36,36,S-Oil,0.29985007496251875,46.86745256089635,배당금
37,37,아주IB투자,1.1864406779661016,114.59913140671867,배당금
38,38,한화솔루션,0.40691759918616477,87.02085888776116,배당금
39,39,KG케미칼,1.7721518987341773,40.78076817569802,배당금
40,40,고려산업,0.7741935483870968,38.20129926447106,배당금
41,41,한국가구,2.59009009009009,21.993930929666533,배당금
42,42,PN풍년,0.6195786864931847,63.47387110717585,배당금
43,43,세종공업,0.5617977528089888,60.09982773156758,배당금
44,44,원림,1.3123359580052494,18.91983360764523,배당금
45,45,미래에셋생명,4.182041820418204,32.25004803485932,배당금
46,46,사조대림,1.0526315789473684,22.247859896334848,배당금
47,47,무림페이퍼,2.1052631578947367,19.939451887795315,배당금
48,48,무림SP,1.4314928425357873,42.42648827716205,배당금
49,49,포인트엔지니어링,0.6644518272425249,32.295420282865415,배당금
50,50,신일제약,0.7389162561576355,57.42484205841619,배당금
51,51,힘스,1.520912547528517,39.98114988298311,배당금
52,52,환인제약,2.0202020202020203,18.270515710762055,배당금
53,53,롯데정보통신,1.9580419580419581,29.152208306182004,배당금
54,54,호전실업,3.075030750307503,24.150228453143264,배당금
55,55,제이씨케미칼,0.796812749003984,81.44648611942179,배당금
56,56,나라엠앤디,0.49180327868852464,95.30027071599413,배당금
57,57,애경유화,4.283965728274174,44.93020581009859,배당금
58,58,애경산업,1.9230769230769231,28.383703047268728,배당금
59,59,AK홀딩스,3.75,35.50340614881161,배당금
60,60,노바렉스,0.5383580080753702,29.692606139443466,배당금
61,61,한일화학,1.6538037486218304,18.448491503655557,배당금
62,62,오이솔루션,0.7633587786259541,51.10414511372407,배당금
63,63,인터엠,6.211180124223603,20.151216135864356,배당금
64,64,와토스코리아,3.6363636363636362,18.459139981377593,배당금
65,65,이상네트웍스,1.4285714285714286,32.60753678885892,배당금
66,66,에이치시티,0.2597402597402597,28.574170908303618,배당금
67,67,참좋은여행,2.4531024531024532,46.59497136931168,배당금
68,68,포스코강판,2.5889967637540456,48.811247515771306,배당금
69,69,NICE,1.220159151193634,18.386922972232135,배당금
70,70,양지사,0.46728971962616817,40.94525834847356,배당금
71,71,우양,0.998003992015968,25.76915870378287,배당금
72,72,고려제약,0.975609756097561,34.74937110103138,배당금
73,73,이오테크닉스,0.15822784810126583,37.53961478134485,배당금
74,74,노랑풍선,0.8016032064128256,76.10826788498093,배당금
75,75,네오팜,2.5996533795493932,27.28946740610509,배당금
76,76,갤럭시아머니트리,1.5602836879432624,38.405419755223264,배당금
77,77,비즈니스온,1.8327974276527332,26.019776754276997,배당금
78,78,러셀,0.7898894154818324,67.06495914167552,배당금
79,79,현대바이오랜드,1.417004048582996,39.27209960888888,배당금
80,80,유성기업,6.825938566552901,31.309401633875712,배당금
81,81,아세아텍,1.4450867052023122,48.26774733283426,배당금
82,82,한미사이언스,0.3669724770642202,45.1872355916924,배당금
83,83,씨큐브,2.063273727647868,15.815215727252683,배당금
84,84,LF,3.1055900621118013,42.505354700331935,배당금
85,85,PI첨단소재,1.073253833049404,27.257745302576012,배당금
86,86,DB금융투자,5.9171597633136095,25.142276333181186,배당금
87,87,이리츠코크렙,3.0120481927710845,10.424633042170932,배당금
88,88,아비코전자,0.9900990099009901,62.00828132695901,배당금
89,89,가온미디어,1.6207455429497568,27.190045867245136,배당금
90,90,SK디앤디,1.380897583429229,59.02203931675061,배당금
91,91,코리아에프티,2.054794520547945,64.4541236257859,배당금
92,92,에스씨디,0.967741935483871,78.56464592157509,배당금
93,93,크리스에프앤씨,1.7057569296375266,39.51577040096626,배당금
94,94,현대위아,1.5367727771679474,35.53925508503719,배당금
95,95,한솔피엔에스,1.5673981191222568,40.83135473904356,배당금
96,96,케이씨,1.0416666666666665,35.632791754781834,배당금
97,97,NI스틸,2.0964360587002098,31.458856403197423,배당금
98,98,유니테스트,1.1086474501108647,78.24780585450314,배당금
99,99,포시에스,1.2468827930174564,30.53872579595834,배당금
100,100,KTB투자증권,5.136986301369863,31.860791500354292,배당금
101,101,휴온스글로벌,1.3377926421404682,26.799803370975926,배당금
102,102,드림텍,1.3445378151260505,49.67748715836242,배당금
103,103,KNN,0.9900990099009901,59.864304420099955,배당금
104,104,경동도시가스,4.441624365482234,37.204714820511334,배당금
105,105,하나머티리얼즈,0.87527352297593,43.20011766043618,배당금
106,106,디스플레이텍,2.9069767441860463,26.710350788239833,배당금
107,107,대성홀딩스,1.0729613733905579,32.20688684289911,배당금
108,108,한전산업,5.926892950391645,14.56159453336931,배당금
109,109,매일홀딩스,1.7177914110429449,9.69324378979297,배당금
110,110,해마로푸드서비스,1.6286644951140066,48.00908189068157,배당금
111,111,아프리카TV,0.9031198686371099,42.49137149583028,배당금
112,112,휴스틸,4.207573632538569,18.861715343597453,배당금
113,113,상신이디피,0.3676470588235294,51.701846995279794,배당금
114,114,포스코인터내셔널,4.912280701754386,36.29774836162236,배당금
115,115,현우산업,3.316749585406302,30.905513028272114,배당금
116,116,신신제약,0.25,81.5658771394103,배당금
117,117,파커스,4.9916805324459235,57.14372699503274,배당금
118,118,시디즈,0.5263157894736842,30.63903956336202,배당금
119,119,남성,0.6119951040391677,129.44717425469247,배당금
120,120,인터파크,6.578947368421052,24.064255446406044,배당금
121,121,인터파크,3.070175438596491,24.064255446406044,배당금
122,122,모나미,1.0852713178294573,46.63622573438041,배당금
123,123,뉴트리,0.6681514476614699,41.070981389062126,배당금
124,124,삼호개발,4.523809523809524,11.956578913301563,배당금
125,125,대덕,4.651162790697675,13.108827877218042,배당금
126,126,이지홀딩스,1.1764705882352942,35.843754766702034,배당금
127,127,대륙제관,2.2197558268590454,22.341582227844956,배당금
128,128,옵트론텍,0.4601226993865031,41.40826239215603,배당금
129,129,매커스,2.0746887966804977,74.35517016136096,배당금
130,130,세원정공,0.30902348578491967,0.0,배당금
131,131,우주일렉트로,1.0033444816053512,53.338732272342256,배당금
132,132,GS리테일,2.142857142857143,39.89444823688459,배당금
133,133,나노신소재,0.3738317757009346,64.1797351416724,배당금
134,134,계룡건설산업,2.510460251046025,45.92596520232818,배당금
135,135,유니크,0.1437125748502994,54.24527958396408,배당금
136,136,한일네트웍스,5.094130675526024,20.271132725736802,배당금
137,137,만호제강,1.2779552715654952,24.665455529746964,배당금
138,138,AJ네트웍스,6.741573033707865,64.54437112672963,배당금
139,139,심텍,0.8913649025069639,45.191839181762475,배당금
140,140,심텍홀딩스,0.40404040404040403,42.115298921819445,배당금
141,141,롯데리츠,1.7550274223034734,10.256364197233186,배당금
142,142,수산중공업,0.3861003861003861,95.97359238431831,배당금
143,143,영풍정밀,3.6900369003690034,33.338321666417656,배당금
144,144,포스코케미칼,0.5006257822277848,36.863983600419324,배당금
145,145,삼원강재,4.646464646464646,21.30153845144717,배당금
146,146,멀티캠퍼스,1.6853932584269662,47.611032726287476,배당금
147,147,한전기술,1.8452380952380953,25.235278915984694,배당금
148,148,일진머티리얼즈,0.10905125408942204,29.703556553524667,배당금
149,149,광전자,2.0618556701030926,62.05355959118088,배당금
150,150,GST,1.092896174863388,42.6492354852077,배당금
151,151,국일신동,1.2315270935960592,50.83590496179774,배당금
152,152,디아이,1.257861635220126,33.00382205898401,배당금
153,153,에스넷,1.7118402282453637,39.429358493492465,배당금
154,154,코엔텍,6.192660550458716,18.774757833114236,배당금
155,155,제일테크노스,1.278409090909091,105.74472881231463,배당금
156,156,케이엠,0.37453183520599254,61.35693900020211,배당금
157,157,우성사료,0.47770700636942676,17.74745887344045,배당금
158,158,씨에스윈드,0.37551020408163266,96.09992962048187,배당금
159,159,한화생명,1.5789473684210527,47.587344955069526,배당금
160,160,고려시멘트,0.49668874172185434,26.167854980402154,배당금
161,161,젬백스링크,0.8097165991902834,33.38270222749951,배당금
162,162,하츠,0.42979942693409745,27.719908514965546,배당금
163,163,에이리츠,4.947976878612717,33.502530463714564,배당금
164,164,한양이엔지,3.6885245901639343,28.55418293141975,배당금
165,165,제일연마,3.133903133903134,17.852120086058036,배당금
166,166,일진홀딩스,1.9230769230769231,37.604865398301975,배당금
167,167,이씨에스,2.867383512544803,58.958259740290984,배당금
168,168,대림건설,1.6260162601626018,25.496228097071015,배당금
169,169,메디톡스,0.4014049172102358,87.87549187258426,배당금
170,170,새로닉스,0.7207207207207207,94.58024940094137,배당금
171,171,JYP Ent.,0.4434907010014306,53.83566529326114,배당금
172,172,케이아이엔엑스,0.6802721088435374,51.10235624579002,배당금
173,173,유니셈,0.7092198581560284,38.65398325388167,배당금
174,174,현대리바트,1.0,46.649798106536394,배당금
175,175,프로텍,1.4260249554367201,50.1093396148838,배당금
176,176,오공,1.0729613733905579,32.95072444448593,배당금
177,177,아주캐피탈,5.508474576271186,34.33782729078981,배당금
178,178,유비쿼스,1.3177159590043925,34.66592614160766,배당금
179,179,유비케어,0.4424778761061947,45.70457992912329,배당금
180,180,삼양패키징,3.5294117647058822,25.37278744935115,배당금
181,181,인터로조,1.4150943396226416,24.36906485066252,배당금
182,182,서연이화,2.0202020202020203,59.299569249746376,배당금
183,183,휠라홀딩스,0.4610526315789474,48.63051084934764,배당금
184,184,카스,0.4484304932735426,76.44961806724237,배당금
185,185,옵티시스,0.6075334143377886,23.65084225829664,배당금
186,186,잇츠한불,0.33444816053511706,58.86539959395631,배당금
187,187,알리코제약,1.6,31.541325850991214,배당금
188,188,HDC현대EP,1.910828025477707,63.32061934402822,배당금
189,189,삼양식품,0.8,28.262936266115815,배당금
190,190,삼일씨엔에스,0.35023041474654376,68.22833783383656,배당금
191,191,대유,2.0242914979757085,43.40133428625348,배당금
192,192,신일전자,1.0443864229765014,19.238025620612703,배당금
193,193,삼일,2.6954177897574128,18.420748406325185,배당금
194,194,대동기어,0.7911392405063291,48.854175995369765,배당금
195,195,대동금속,0.6564551422319475,27.0968347536644,배당금
196,196,대한제강,2.699055330634278,38.11385118422797,배당금
197,197,중앙에너비스,1.9393939393939394,32.439822899898935,배당금
198,198,케이씨피드,0.672645739910314,44.62985326428777,배당금
199,199,에스엠코어,1.0355029585798818,22.722689690795388,배당금
200,200,삼아제약,1.7595307917888565,30.958496260313268,배당금
201,201,대성에너지,4.587155963302752,14.70842236399268,배당금
202,202,솔브레인홀딩스,1.9813519813519813,34.954751319041534,배당금
203,203,이지웰,0.8737864077669903,58.38777359949378,배당금
204,204,한화,2.6168224299065423,36.54364680336552,배당금
205,205,유비쿼스홀딩스,0.4850746268656716,37.915644395244676,배당금
206,206,광동제약,0.8376963350785341,50.69324459890267,배당금
207,207,디케이락,1.5037593984962405,93.89910931687398,배당금
208,208,한라IMS,1.6722408026755853,24.647586962074737,배당금
209,209,삼륭물산,0.8792497069167644,42.62232665751721,배당금
210,210,정상제이엘에스,6.4083457526080485,12.521168290461341,배당금
211,211,에프에스티,0.3669724770642202,48.73279042836611,배당금
212,212,세원물산,0.3980891719745223,0.0,배당금
213,213,진양산업,4.550625711035267,56.38455559237059,배당금
214,214,하이스틸,0.6493506493506493,18.28692026825305,배당금
215,215,디와이피엔에프,1.9283746556473829,30.282951780322215,배당금
216,216,제일기획,3.770114942528736,29.03155744820527,배당금
217,217,미원상사,0.6411764705882352,10.10500079164911,배당금
218,218,에이텍,0.32102728731942215,68.46779629612473,배당금
219,219,디와이파워,1.7241379310344827,55.59050488235615,배당금
220,220,서울바이오시스,0.22551928783382788,47.473839682114246,배당금
221,221,야스,1.1673151750972763,26.073672867137688,배당금
222,222,네오위즈홀딩스,0.7454545454545454,29.615610962576582,배당금
223,223,대신정보통신,0.5305039787798408,64.35129684868255,배당금
224,224,한국토지신탁,4.31266846361186,19.646000871947578,배당금
225,225,영원무역,1.3201320132013201,44.13877989630833,배당금
226,226,동국제약,2.941176470588235,41.21711365590914,배당금
227,227,삼현철강,3.807106598984772,19.68865556077206,배당금
228,228,KG이니시스,1.6624685138539042,37.442031410026324,배당금
229,229,티피씨글로벌,0.7604562737642585,42.76829208501399,배당금
230,230,로지시스,1.048951048951049,93.82607933943332,배당금
231,231,크라운제과,2.9137529137529135,15.594884549394356,배당금
232,232,DB하이텍,1.0204081632653061,47.36814944870967,배당금
233,233,동방아그로,3.930817610062893,6.54611366344659,배당금
234,234,오션브릿지,1.8815331010452963,50.69046818540679,배당금
235,235,한국아트라스비엑스,0.7619047619047619,15.767019045829509,배당금
236,236,카카오,0.03572433192686357,37.42931616236128,배당금
237,237,SBI핀테크솔루션즈,2.440633245382586,28.417534697602285,배당금
238,238,빅솔론,4.3678160919540225,10.156499040229361,배당금
239,239,브리지텍,3.007518796992481,35.668160443198985,배당금
240,240,국순당,2.1551724137931036,17.834567792542746,배당금
241,241,티비씨,1.7486338797814207,28.091724174318543,배당금
242,242,유니온머티리얼,1.1820330969267139,111.2021593553746,배당금
243,243,동성화학,3.7735849056603774,15.874761369411624,배당금
244,244,화성산업,3.861003861003861,30.607950143220233,배당금
245,245,영화테크,0.24154589371980675,67.1233389963313,배당금
246,246,세진중공업,0.26595744680851063,85.12097638197527,배당금
247,247,대주산업,1.092896174863388,92.79873278949906,배당금
248,248,아모레퍼시픽그룹,0.6054490413723511,26.7828271008672,배당금
249,249,동일금속,2.629107981220657,23.975245414052058,배당금
250,250,강원랜드,3.8379530916844353,35.98012959933776,배당금
251,251,한솔제지,4.545454545454546,25.910865354509042,배당금
252,252,사람인에이치알,2.457627118644068,12.785436495994325,배당금
253,253,파라다이스,0.6993006993006993,33.95433734937529,배당금
254,254,이지케어텍,0.46361185983827496,22.827942074459937,배당금
255,255,미코,0.2702702702702703,64.37079678356415,배당금
256,256,레드캡투어,3.5476718403547673,60.516717188467176,배당금
257,257,KG ETS,2.430939226519337,30.293327927199613,배당금
258,258,한독,0.9075907590759077,47.5554631496224,배당금
259,259,KCI,1.8518518518518516,23.58124620464503,배당금
260,260,다원시스,0.4618937644341801,21.459757012659296,배당금
261,261,케이티스카이라이프,3.727369542066028,29.450825987654213,배당금
262,262,아이엠이연이,1.1363636363636365,70.3545552829813,배당금
263,263,한미약품,0.17271157167530224,35.908493907836636,배당금
264,264,우진,2.159827213822894,74.81083873900008,배당금
265,265,우리넷,0.5399568034557235,21.107051807252613,배당금
266,266,아바코,3.009027081243731,63.67489788803714,배당금
267,267,동일고무벨트,1.0683760683760684,57.357430985150366,배당금
268,268,신한알파리츠,1.9607843137254901,11.65191413193315,배당금
269,269,파크시스템스,0.1815431164901664,45.760417465569994,배당금
270,270,디피씨,0.8403361344537815,80.87970001361462,배당금
271,271,디와이,3.2397408207343417,30.72287807737347,배당금
272,272,DMS,0.7911392405063291,55.58461663038609,배당금
273,273,SV인베스트먼트,2.1052631578947367,149.54530659555888,배당금
274,274,동아지질,1.2539184952978055,23.34887938370115,배당금
275,275,한국전자금융,1.8425460636515913,21.67145924717537,배당금
276,276,이엠넷,0.6674082313681869,30.63744551544369,배당금
277,277,가온전선,2.7210884353741496,46.940703800785236,배당금
278,278,이구산업,1.7241379310344827,59.23826415768868,배당금
279,279,대림통상,3.3816425120772946,33.15704445185841,배당금
280,280,일동홀딩스,1.0515247108307046,19.62074742037817,배당금
281,281,금호산업,6.675567423230974,29.337256482434952,배당금
282,282,한온시스템,2.379182156133829,37.98963384336134,배당금
283,283,프리엠스,0.6067961165048543,54.82454676462946,배당금
284,284,남해화학,0.7075471698113208,20.48896506624832,배당금
285,285,콜마비앤에이치,0.5035246727089627,55.889992933164926,배당금
286,286,KMH,0.2364864864864865,110.19685519057691,배당금
287,287,피에스케이,0.9724473257698543,53.164793023390466,배당금
288,288,씨티케이코스메틱스,2.2813688212927756,24.51382369883552,배당금
289,289,해성디에스,1.8567639257294428,31.966198017348333,배당금
290,290,대상홀딩스,1.9417475728155338,34.48674906702662,배당금
291,291,세틀뱅크,1.2520593080724876,23.453110215507834,배당금
292,292,제일약품,0.07856341189674523,145.24759647349813,배당금
293,293,현대오토에버,0.9957924263674615,65.82573450260396,배당금
294,294,일진다이아,0.5780346820809248,55.44230527751998,배당금
295,295,와이솔,1.6181229773462782,28.40870535839301,배당금
296,296,메가스터디,3.829787234042553,41.674565738887864,배당금
297,297,태경산업,4.135338345864661,12.965233190764668,배당금
298,298,CS홀딩스,0.8605851979345954,26.246172780973215,배당금
299,299,안랩,1.393188854489164,27.66216389527752,배당금
300,300,삼화콘덴서공업,0.463821892393321,25.594834950469128,배당금
301,301,다우기술,1.99501246882793,32.628552780887645,배당금
302,302,대성미생물,0.5279503105590062,31.490912597833862,배당금
303,303,SCI평가정보,1.4345114345114345,90.40942306833774,배당금
304,304,코스맥스,0.8035714285714285,54.328101293296506,배당금
305,305,자이에스앤디,1.0869565217391304,27.021284445706975,배당금
306,306,코스맥스비티아이,1.3227513227513228,38.70502754566689,배당금
307,307,현대해상,3.4714003944773175,40.18145374838583,배당금
308,308,기신정기,4.0,47.32065170371203,배당금
309,309,사조산업,0.487012987012987,23.322188689328954,배당금
310,310,엠에스오토텍,1.1210762331838564,54.001944490749665,배당금
311,311,해성산업,1.6203703703703702,24.10453456453147,배당금
312,312,신성델타테크,1.1347517730496455,77.2276703666099,배당금
313,313,대원강업,2.875,46.61720336131211,배당금
314,314,일성건설,1.6129032258064515,19.042637034359654,배당금
315,315,유니온,1.5673981191222568,103.94541929714178,배당금
316,316,우진아이엔에스,3.2765399737876804,23.113705157842155,배당금
317,317,누리텔레콤,0.6134969325153374,44.94416530008467,배당금
318,318,엔피케이,1.6666666666666667,42.83073039317235,배당금
319,319,현대그린푸드,2.6415094339622645,21.822516845219074,배당금
320,320,미래테크놀로지,1.5,19.227032316665646,배당금
321,321,미래컴퍼니,0.5729166666666666,63.24938194991808,배당금
322,322,아바텍,1.1890606420927468,19.87222210751994,배당금
323,323,웹케시,0.26109660574412535,39.68446106670825,배당금
324,324,LG전자,0.8640552995391706,26.388701986642612,배당금
325,325,티에이치엔,2.55863539445629,26.620868555389546,배당금
326,326,도화엔지니어링,3.2467532467532463,20.06712677902202,배당금
327,327,수산아이앤티,0.7109004739336493,72.29020026549834,배당금
328,328,현대통신,4.184100418410042,16.874846775298288,배당금
329,329,한국팩키지,0.9735744089012517,54.66926519385127,배당금
330,330,대동공업,0.7772020725388601,42.12409005072139,배당금
331,331,서울반도체,0.861878453038674,46.16525437157992,배당금
332,332,고려제강,2.3890784982935154,15.954781414328902,배당금
333,333,플레이디,2.4229074889867843,39.5693565421,배당금
334,334,JTC,1.3541666666666667,37.970912540958516,배당금
335,335,한창제지,0.9523809523809524,34.455408827659085,배당금
336,336,안국약품,1.7120622568093387,53.2605820162547,배당금
337,337,LG하우시스,0.38819875776397517,42.341510725226975,배당금
338,338,이글벳,0.21739130434782608,51.96437040378886,배당금
339,339,하나제약,1.9658119658119657,25.23995714625139,배당금
340,340,매일유업,1.1477761836441895,19.19039945451048,배당금
341,341,에스피시스템스,0.30303030303030304,43.554000106800615,배당금
342,342,액트로,1.9047619047619049,34.285235514767855,배당금
343,343,에스앤에스텍,0.14144271570014144,46.9128860752753,배당금
344,344,동성코퍼레이션,4.683840749414521,27.65713772002847,배당금
345,345,켐트로닉스,1.643835616438356,62.38320774613061,배당금
346,346,아세아제지,1.7937219730941705,55.34516798536384,배당금
347,347,코오롱플라스틱,1.6990291262135921,26.750548328520548,배당금
348,348,삼일제약,0.468384074941452,41.6657295666894,배당금
349,349,부광약품,0.8456659619450317,46.8797156487499,배당금
350,350,후성,0.1492537313432836,44.1120446472668,배당금
351,351,케이씨티,0.9966777408637874,68.8444618445726,배당금
352,352,부방,0.7490636704119851,67.43618374346414,배당금
353,353,한진,0.9708737864077669,40.00769424693388,배당금
354,354,파마리서치프로덕트,0.46367851622874806,36.95519896983938,배당금
355,355,동남합성,0.5420054200542005,16.310287922756192,배당금
356,356,이엔에프테크놀로지,0.36674816625916873,43.89110176420212,배당금
357,357,교보증권,5.46448087431694,24.576949788147413,배당금
358,358,극동유화,4.69208211143695,14.627521789209764,배당금
359,359,메카로,1.3445378151260505,31.788975792031206,배당금
360,360,유진증권,1.7902813299232736,39.82222342080728,배당금
361,361,신풍제지,2.414486921529175,91.60664335678435,배당금
362,362,유니퀘스트,1.4084507042253522,59.153290065676295,배당금
363,363,녹십자랩셀,0.04496402877697842,49.411618185839416,배당금
364,364,대교,4.3478260869565215,19.437304901480267,배당금
365,365,세아특수강,7.860262008733625,17.84683189002256,배당금
366,366,BGF,2.4043715846994536,22.96163250121182,배당금
367,367,엘앤에프,0.1221001221001221,34.22894331625077,배당금
368,368,대웅제약,0.6355932203389831,35.47797065796494,배당금
369,369,대웅,0.4576659038901602,63.128757517705665,배당금
370,370,계양전기,1.1400651465798046,32.85295565597439,배당금
371,371,비상교육,3.8880248833592534,14.069094293231633,배당금
372,372,오리온홀딩스,4.814814814814815,22.201694215345615,배당금
373,373,제우스,0.9852216748768473,52.67384420660952,배당금
374,374,아이센스,0.7299270072992701,23.30602161641968,배당금
375,375,SK케미칼,0.1111111111111111,76.96985826000628,배당금
376,376,한세예스24홀딩스,4.0453074433656955,38.30841711841605,배당금
377,377,한세실업,2.7247956403269753,59.61612514740156,배당금
378,378,한국테크놀로지그룹,2.2082018927444795,37.642706598737846,배당금
379,379,인포바인,4.864864864864865,14.188145772160368,배당금
380,380,엔에스쇼핑,1.090909090909091,41.077705374685955,배당금
381,381,하림지주,0.6821282401091405,24.577201679535236,배당금
382,382,에스텍,6.269592476489027,14.720826832428301,배당금
383,383,HDC아이콘트롤스,3.5532994923857872,29.349120248663684,배당금
384,384,팜스코,1.0204081632653061,30.36424669564432,배당금
385,385,한미글로벌,2.0429009193054135,48.65414852769047,배당금
386,386,푸드나무,0.2892561983471074,36.13287109507955,배당금
387,387,영흥,2.3166023166023164,39.644452572299414,배당금
388,388,우리금융지주,6.9306930693069315,27.3029830845148,배당금
389,389,HDC,1.8691588785046727,21.10349074460434,배당금
390,390,SK디스커버리,1.0432190760059614,46.35680268571743,배당금
391,391,티씨케이,0.9230769230769231,38.33770599327501,배당금
392,392,녹십자홀딩스,0.8783783783783784,90.22722709534594,배당금
393,393,한국알콜,0.7874015748031495,42.10424361582559,배당금
394,394,에스티오,5.727923627684964,34.18973369814426,배당금
395,395,새론오토모티브,3.4229828850855744,13.758730833345044,배당금
396,396,이크레더블,3.008130081300813,18.669279995498517,배당금
397,397,대현,5.333333333333334,25.767827637973436,배당금
398,398,휴비스,1.7543859649122806,25.097203233742587,배당금
399,399,시공테크,1.6753926701570683,15.692472011923714,배당금
400,400,한섬,1.5228426395939088,31.320954576410458,배당금
401,401,현대미포조선,0.9803921568627451,46.07432083915831,배당금
402,402,사조오양,1.0810810810810811,38.07263698255586,배당금
403,403,부국철강,1.5368852459016393,40.14016303482854,배당금
404,404,디아이티,3.1446540880503147,18.275647604363712,배당금
405,405,한화시스템,2.719298245614035,34.09961203611696,배당금
406,406,인텔리안테크,0.3215434083601286,48.78253495603519,배당금
407,407,현대건설,1.7991004497751124,22.21642279414622,배당금
408,408,신화실업,0.49019607843137253,47.36721827450563,배당금
409,409,두올,2.302158273381295,45.95040035649748,배당금
410,410,대화제약,1.090909090909091,47.65416423899885,배당금
411,411,피제이전자,2.2764227642276422,29.964051937629574,배당금
412,412,삼성공조,0.9230769230769231,20.16381945142553,배당금
413,413,한국전자인증,0.736,37.594818993045735,배당금
414,414,세경하이테크,1.1933174224343674,28.843625892248426,배당금
415,415,대원제약,1.3866666666666667,34.74844121734517,배당금
416,416,크라운해태홀딩스,1.1074197120708749,23.732018028104513,배당금
417,417,구영테크,1.744186046511628,29.444822126104402,배당금
418,418,엑시콘,0.4814814814814815,70.20449409499706,배당금
419,419,JB금융지주,5.1020408163265305,25.196223838119707,배당금
420,420,ISC,0.26595744680851063,50.963970960637134,배당금
421,421,더블유게임즈,0.575657894736842,31.489434416212685,배당금
422,422,동양피스톤,2.0066889632107023,59.54005927589019,배당금
423,423,농우바이오,1.951219512195122,17.17699247680077,배당금
424,424,보령제약,0.6269592476489028,35.925297160160376,배당금
425,425,쌍용양회공업,7.567567567567568,15.7861381006044,배당금
426,426,고영,0.5958829902491874,40.40043729932903,배당금
427,427,에버다임,0.8733624454148471,44.77712176815296,배당금
428,428,화신,1.8148820326678767,39.346857847705564,배당금
429,429,에스에이티,1.8796992481203008,89.29831990597266,배당금
430,430,노바텍,0.6277561608300908,94.54928941665653,배당금
431,431,네오셈,0.29411764705882354,46.77730880262582,배당금
432,432,태경비케이,2.73224043715847,32.43800378289988,배당금
433,433,대봉엘에스,0.45871559633027525,43.76104251123864,배당금
434,434,광명전기,0.7281553398058253,46.555578895970626,배당금
435,435,제노레이,4.2105263157894735,25.132999866465312,배당금
436,436,텔코웨어,4.526748971193416,17.521753377341064,배당금
437,437,대아티아이,0.33557046979865773,82.27735696600882,배당금
438,438,코아시아,0.6825938566552902,39.16390695260834,배당금
439,439,이건홀딩스,2.729044834307992,45.42077033910898,배당금
440,440,신세계건설,3.5398230088495577,17.947128084900772,배당금
441,441,오디텍,1.8656716417910446,52.75398072991998,배당금
442,442,코맥스,1.0101010101010102,39.94206770376026,배당금
443,443,TS인베스트먼트,0.7153075822603719,118.97863404272016,배당금
444,444,에스엘,2.6490066225165565,42.489047335491684,배당금
445,445,에코프로비엠,0.10252904989747096,45.0800193963584,배당금
446,446,세방전지,1.644736842105263,20.505992810847832,배당금
447,447,경동인베스트,1.7301038062283738,15.837991803277331,배당금
448,448,신진에스엠,1.530054644808743,28.920523847272392,배당금
449,449,KB오토시스,3.5493827160493825,17.988981108109876,배당금
450,450,미래에셋대우,2.7139874739039667,27.78730424494447,배당금
451,451,현대차증권,4.918032786885246,33.90319683518815,배당금
452,452,미원홀딩스,0.5772005772005772,29.11740095447964,배당금
453,453,대상,2.376237623762376,23.89484849795245,배당금
454,454,삼아알미늄,1.1815252416756177,104.73861084105764,배당금
455,455,미스터블루,0.23148148148148145,45.984709616697465,배당금
456,456,종근당바이오,0.48721071863580995,40.3338002609668,배당금
457,457,메리츠증권,5.471956224350205,26.294827294018027,배당금
458,458,쎌바이오텍,3.4090909090909087,36.62050208351757,배당금
459,459,태경케미컬,1.3636363636363635,73.70925213968333,배당금
460,460,피씨디렉트,0.8658008658008658,47.01172736220434,배당금
461,461,오리온,0.5172413793103449,35.55895670771964,배당금
462,462,상아프론테크,0.3682393555811277,60.1589853578322,배당금
463,463,태양,1.7878426698450536,18.039945711323202,배당금
464,464,코미코,1.0752688172043012,41.03676475117731,배당금
465,465,KSS해운,2.4770642201834865,33.70664627339984,배당금
466,466,한국경제TV,1.5761821366024518,31.069826060355364,배당금
467,467,유니트론텍,1.4285714285714286,58.6822155311921,배당금
468,468,비씨월드제약,0.48426150121065376,79.12216639837551,배당금
469,469,동운아나텍,0.5336179295624333,80.65711373633876,배당금
470,470,SIMPAC,2.515723270440252,16.079570243651226,배당금
471,471,선익시스템,1.550387596899225,30.160550738125735,배당금
472,472,서울제약,0.13215859030837004,66.54691313881965,배당금
473,473,LG헬로비전,1.9206145966709345,11.541007241236775,배당금
474,474,텔레칩스,0.8362369337979094,91.63031896405539,배당금
475,475,위세아이텍,0.28735632183908044,48.037792320130144,배당금
476,476,신흥,1.6129032258064515,108.44618601196146,배당금
477,477,HDC현대산업개발,2.331002331002331,19.414431235099972,배당금
478,478,그린케미칼,2.7199999999999998,84.86816796731041,배당금
479,479,NAVER,0.13428571428571429,35.00354085479372,배당금
480,480,진성티이씨,1.7467248908296942,74.20430547560527,배당금
481,481,대창스틸,4.424778761061947,34.62363597133244,배당금
482,482,쎄니트,1.6713091922005572,33.00595109278274,배당금
483,483,네오오토,1.1198208286674132,56.35307172609366,배당금
484,484,진도,2.1208907741251326,116.96286080959186,배당금
485,485,부산산업,0.21097046413502107,49.39749136116806,배당금
486,486,대창,0.796812749003984,32.207433523532764,배당금
487,487,코메론,2.277904328018223,22.741784562635786,배당금
488,488,비트컴퓨터,0.6118355065195586,51.904410722587215,배당금
489,489,이노와이어리스,0.43252595155709345,43.169577682633275,배당금
490,490,동원시스템즈,1.5128593040847202,57.183640072588176,배당금
491,491,인포뱅크,0.12437810945273632,60.269255170887696,배당금
492,492,까뮤이앤씨,1.2244897959183674,102.85033894190022,배당금
493,493,큐에스아이,0.3184713375796179,40.90742175095756,배당금
494,494,모두투어,0.7079646017699115,46.855434926122705,배당금
495,495,HB테크놀러지,1.0309278350515463,22.381662165023066,배당금
496,496,나이스정보통신,1.8775510204081631,16.677600528019376,배당금
497,497,비츠로테크,0.5952380952380952,42.732222438311275,배당금
498,498,케이씨티시,1.5985790408525755,49.66233713318455,배당금
499,499,유진테크,0.8394160583941607,42.28056421554925,배당금
500,500,테크윙,1.2672176308539946,40.60419774647311,배당금
501,501,푸드웰,1.9047619047619049,25.63334946980134,배당금
502,502,노루페인트,3.696236559139785,15.059732362964201,배당금
503,503,GKL,4.576388888888889,39.59374516797786,배당금
504,504,그리티,0.904977375565611,46.93857796854115,배당금
505,505,디지틀조선,1.0771992818671454,42.53976440990327,배당금
506,506,대림비앤코,2.3214285714285716,14.231749638668802,배당금
507,507,디지캡,1.645123384253819,34.540146781699875,배당금
508,508,클래시스,0.29967426710097717,43.15099531496039,배당금
509,509,이랜시스,1.5009380863039399,55.89255824531593,배당금
510,510,신흥에스이씨,0.6674612634088201,29.10421479408907,배당금
511,511,오텍,0.9923664122137404,27.780497071891368,배당금
512,512,세화피앤씨,0.23121387283236997,36.36752199547146,배당금
513,513,현대공업,0.6470588235294118,106.73830778105074,배당금
514,514,국보디자인,1.89873417721519,18.783295282510622,배당금
515,515,성창오토텍,0.3314917127071823,52.88524481670926,배당금
516,516,화승알앤에이,1.1961722488038278,38.83125092400078,배당금
517,517,쇼박스,1.7574692442882252,26.156809942203058,배당금
518,518,동구바이오제약,0.4514672686230248,31.053869254295112,배당금
519,519,더존비즈온,0.4585365853658536,38.68987566143947,배당금
520,520,이랜텍,1.5873015873015872,54.46762355546988,배당금
521,521,이화공영,0.18832391713747645,39.913018808336155,배당금
522,522,윈스,2.0710059171597637,37.06402576780729,배당금
523,523,플랜티넷,4.690431519699812,32.085146123663876,배당금
524,524,와이지-원,2.086956521739131,40.85936963479232,배당금
525,525,태원물산,2.0757020757020754,41.03528184805145,배당금
526,526,한국큐빅,0.6711409395973155,40.01795015915515,배당금
527,527,코오롱글로벌,1.876675603217158,51.51943071430346,배당금
528,528,풀무원,0.6335403726708074,30.01052332678203,배당금
529,529,테스,1.1235955056179776,44.44799440070956,배당금
530,530,에코마케팅,3.0248306997742667,40.73790694125028,배당금
531,531,아이씨디,0.9615384615384616,33.664532520755856,배당금
532,532,서연탑메탈,0.8450704225352111,141.06086171431176,배당금
533,533,AP위성,0.995732574679943,18.139303385370066,배당금
534,534,삼표시멘트,1.3812154696132597,38.65819299524031,배당금
535,535,코프라,1.5855039637599093,46.340298093641046,배당금
536,536,엠씨넥스,1.4771048744460855,36.90445107626848,배당금
537,537,일양약품,0.1694915254237288,44.9165340855101,배당금
538,538,이수화학,2.909090909090909,97.73429681959821,배당금
539,539,우리손에프앤지,1.201923076923077,23.585296696724388,배당금
540,540,조광페인트,3.9138943248532287,13.727435966440943,배당금
541,541,삼일기업공사,2.7548209366391188,40.6801819168892,배당금
542,542,동아화성,0.4975124378109453,70.71907395062856,배당금
543,543,한신공영,2.405498281786942,22.83433248728503,배당금
544,544,한양증권,3.7037037037037033,24.72352069241447,배당금
545,545,인지디스플레,2.066115702479339,78.87923189536885,배당금
546,546,싸이맥스,1.7793594306049825,44.219766402771114,배당금
547,547,삼영엠텍,1.7953321364452424,64.20226054711861,배당금
548,548,원익머트리얼즈,0.5535055350553505,34.20800121858157,배당금
549,549,중앙백신,0.28169014084507044,11.902197349605796,배당금
550,550,디씨엠,4.545454545454546,10.497535192802768,배당금
551,551,지엠비코리아,0.3663003663003663,68.93159595449104,배당금
552,552,하이텍팜,0.3875968992248062,40.80457878242518,배당금
553,553,태평양물산,1.7699115044247788,20.462775324578207,배당금
554,554,빛샘전자,1.6863406408094435,54.504850476035166,배당금
555,555,서원,0.3129890453834116,49.08502867714962,배당금
556,556,샘표,0.42149631190727077,47.38582740432616,배당금
557,557,동원개발,3.9125431530494823,24.65528028593603,배당금
558,558,오픈베이스,0.4491017964071856,47.77918490265265,배당금
559,559,대원,2.7442371020856204,73.45637188991324,배당금
560,560,엘티씨,0.8368200836820083,38.62010711728218,배당금
561,561,에이에프더블류,0.8130081300813009,29.286006538398226,배당금
562,562,한국프랜지공업,2.3696682464454977,28.533811738708057,배당금
563,563,아진엑스텍,1.7857142857142856,34.72066319455429,배당금
564,564,유니온커뮤니티,1.9047619047619049,54.24456234094849,배당금
565,565,백광산업,2.2865853658536586,33.15258947326302,배당금
566,566,샘표식품,0.44493882091212456,27.186073769716042,배당금
567,567,종근당,0.5863192182410424,44.77921783102901,배당금
568,568,남화토건,0.5054151624548736,42.3247085291965,배당금
569,569,JW홀딩스,1.5410958904109588,31.168400679400374,배당금
570,570,대한약품,1.2944983818770228,29.308358522298683,배당금
571,571,화신정공,2.2900763358778624,30.597376160405123,배당금
572,572,알엔투테크놀로지,0.33444816053511706,55.617551042690984,배당금
573,573,월덱스,0.3389830508474576,43.16605712751901,배당금
574,574,린드먼아시아,1.7148362235067438,57.23450651991431,배당금
575,575,유티아이,0.7936507936507936,29.502133257543097,배당금
576,576,쿠쿠홈시스,1.302325581395349,32.71934889082764,배당금
577,577,라이온켐텍,2.100840336134454,20.675871033318806,배당금
578,578,태웅로직스,1.0373443983402488,58.84422849924838,배당금
579,579,흥국에프엔비,1.812688821752266,36.09250519471242,배당금
580,580,포스코엠텍,1.7582417582417582,37.6787932011762,배당금
581,581,다나와,1.36986301369863,25.619401803373847,배당금
582,582,대원화성,26.68831168831169,16.55914071553075,배당금
583,583,코오롱,2.403846153846154,28.702937108719162,배당금
584,584,이라이콤,0.7017543859649122,55.35850592533953,배당금
585,585,NICE평가정보,1.1825192802056554,43.501765391886124,배당금
586,586,성우테크론,1.488095238095238,48.32138734745838,배당금
587,587,바디텍메드,0.18796992481203006,75.29263975354657,배당금
588,588,아이쓰리시스템,0.3218390804597701,38.95386875405773,배당금
589,589,연우,0.835509138381201,28.427114422083836,배당금
590,590,부스타,1.6574585635359116,23.118793909216258,배당금
591,591,케이탑리츠,2.7624309392265194,25.332353022414917,배당금
592,592,코콤,2.4279210925644916,29.893586761814873,배당금
593,593,유유제약,1.5384615384615385,47.18889590271316,배당금
594,594,디알젬,0.3134796238244514,45.64132327306976,배당금
595,595,코리아오토글라스,6.0,19.04528236048305,배당금
596,596,유진기업,3.289473684210526,27.706965021934817,배당금
597,597,덕우전자,2.008608321377331,27.073955916065394,배당금
598,598,나우IB,2.148997134670487,66.90253256188124,배당금
599,599,위메이드,1.430274135876043,49.61003475811824,배당금
600,600,한국바이오젠,0.6821282401091405,41.8914979066057,배당금
601,601,현대사료,0.7220216606498195,28.23036007444683,배당금
602,602,신대양제지,1.1638733705772812,18.133241801041013,배당금
603,603,CNH,1.694915254237288,31.62329716902234,배당금
604,604,우노앤컴퍼니,2.254791431792559,108.51080311744157,배당금
605,605,동아타이어,5.2521008403361344,21.45908366556645,배당금
606,606,영풍제지,1.0596026490066226,50.8843290004006,배당금
607,607,동성화인텍,2.0276497695852536,49.45747422662268,배당금
608,608,오리콤,5.092592592592593,19.56631340115017,배당금
609,609,원풍,3.56718192627824,15.469711680472866,배당금
610,610,혜인,1.1111111111111112,40.82900943438561,배당금
611,611,DGB금융지주,5.540540540540541,42.0413313815534,배당금
612,612,한미반도체,0.8928571428571428,37.13686197065972,배당금
613,613,포스코 ICT,0.7153075822603719,51.086542992457524,배당금
614,614,한일사료,1.3550135501355014,25.157377529201547,배당금
615,615,서암기계공업,0.847457627118644,85.83502643837907,배당금
616,616,브이원텍,1.1520737327188941,32.74145749241714,배당금
617,617,푸른저축은행,6.402793946449361,9.940618220166291,배당금
618,618,아이스크림에듀,1.2531328320802004,37.09919291664995,배당금
619,619,일진파워,5.555555555555555,20.047459488429496,배당금
620,620,동양,3.319502074688797,22.20133980848999,배당금
621,621,민앤지,1.4838709677419355,25.896488602208205,배당금
622,622,모나리자,0.9541984732824428,34.91378477568737,배당금
623,623,금강철강,3.076923076923077,25.1203339326485,배당금
624,624,한국캐피탈,4.681647940074907,11.413942128009046,배당금
625,625,우리산업,0.6722689075630253,28.143669047328142,배당금
626,626,에스티팜,0.7396449704142012,53.75745898422626,배당금
627,627,에스폴리텍,0.7204610951008645,37.26725414636523,배당금
628,628,한국자산신탁,5.326231691078561,24.09845196813843,배당금
629,629,LG이노텍,0.19672131147540983,36.90149569833839,배당금
630,630,인탑스,1.3262599469496021,42.488996309344074,배당금
631,631,에스텍파마,0.8438818565400843,45.960456960530934,배당금
632,632,탑엔지니어링,1.0752688172043012,38.56365374103998,배당금
633,633,동일기연,0.3463203463203463,34.88876266340179,배당금
634,634,메가엠디,1.366120218579235,45.567643234614025,배당금
635,635,로보로보,0.2716823406478579,32.860237071215344,배당금
636,636,하이트진로홀딩스,2.1875,32.15302479501993,배당금
637,637,인팩,2.4742268041237114,31.00881548323287,배당금
638,638,에스티아이,1.7123287671232876,28.278524722097035,배당금
639,639,LS전선아시아,2.393617021276596,28.307027091316503,배당금
640,640,진양제약,1.402524544179523,53.71268045611615,배당금
641,641,RFHIC,0.544959128065395,41.147958919513364,배당금
642,642,파세코,1.858736059479554,59.03002528103467,배당금
643,643,대양전기공업,1.2861736334405145,92.38448548843522,배당금
644,644,포메탈,1.5789473684210527,61.83460044616842,배당금
645,645,제이엠티,1.9047619047619049,34.858338640839506,배당금
646,646,서한,1.9169329073482428,103.79280130674424,배당금
647,647,율촌화학,3.1948881789137378,16.904872881892597,배당금
648,648,윌링스,0.463768115942029,85.0115389543738,배당금
649,649,케이디켐,3.937007874015748,19.979735191924902,배당금
650,650,한신기계공업,0.8928571428571428,32.94943014775105,배당금
651,651,아이디스,0.9615384615384616,47.4176843094649,배당금
652,652,삼화전기,0.5319148936170213,30.314999097956544,배당금
653,653,서흥,0.7662835249042145,26.424291085086786,배당금
654,654,삼천당제약,0.09140767824497258,64.1691898217857,배당금
655,655,대양제지,1.4084507042253522,22.34380986822241,배당금
656,656,경농,1.788617886178862,41.45412663079021,배당금
657,657,영보화학,2.4721878862793574,36.023179653968285,배당금
658,658,엘컴텍,2.380952380952381,51.17639298363687,배당금
659,659,지에스이,2.3054755043227666,45.70353274926133,배당금
660,660,씨앤지하이테크,1.5544041450777202,26.301101180889187,배당금
661,661,삼익악기,3.546099290780142,15.895701870459657,배당금
662,662,디에이치피코리아,1.278772378516624,23.86500970155868,배당금
663,663,흥국,2.6132404181184667,32.44717831704478,배당금
664,664,동양에스텍,3.6297640653357535,16.547483351976773,배당금
665,665,천보,0.17761989342806395,55.74930657666001,배당금
666,666,서희건설,2.5210084033613445,24.103115259760926,배당금
667,667,유아이엘,10.403120936280883,18.908206805352286,배당금
668,668,대모,1.4644351464435146,30.264013969968893,배당금
669,669,하이로닉,1.5033557046979866,21.57278029966394,배당금
670,670,피에스텍,3.2119914346895073,44.04115370618348,배당금
671,671,KT서브마린,0.48465266558966075,83.46595133269845,배당금
672,672,경동나비엔,0.5263157894736842,36.74901622944442,배당금
673,673,티에스이,0.4509582863585118,44.28377347557622,배당금
674,674,지엔씨에너지,0.7874015748031495,76.98603851856487,배당금
675,675,AP시스템,0.2178649237472767,25.31745108002717,배당금
676,676,YW,1.3333333333333335,20.082535944375667,배당금
677,677,LG유플러스,3.361344537815126,24.523244880215454,배당금
678,678,성보화학,3.2490974729241873,12.067191080363813,배당금
679,679,동일산업,1.094890510948905,3.835761004085707,배당금
680,680,컴퍼니케이,2.39880059970015,33.27669873759634,배당금
681,681,쎄트렉아이,0.8484848484848486,31.625105588521574,배당금
682,682,바텍,0.43859649122807015,29.6552809650944,배당금
683,683,코윈테크,2.315270935960591,33.104984801057505,배당금
684,684,레이언스,2.586206896551724,21.247429301289483,배당금
685,685,DSR제강,0.8403361344537815,32.03161840611322,배당금
686,686,뷰웍스,1.3582342954159592,25.901042653783236,배당금
687,687,지투알,5.639097744360902,18.132125925276494,배당금
688,688,제이에스코퍼레이션,6.8493150684931505,22.60752987375218,배당금
689,689,씨엠에스에듀,7.1070234113712365,17.051069390389152,배당금
690,690,해태제과식품,1.7772511848341233,41.24340046786016,배당금
691,691,하이비젼시스템,0.3861003861003861,44.21885193828967,배당금
692,692,이니텍,0.46511627906976744,19.642920763787448,배당금
693,693,유라테크,0.6578947368421052,83.56278384873755,배당금
694,694,백산,1.9230769230769231,29.789929262644986,배당금
695,695,딜리,2.547770700636943,39.492806857111184,배당금
696,696,나스미디어,2.098569157392687,38.50938234461746,배당금
697,697,전파기지국,1.1389521640091116,25.648537870648248,배당금
698,698,대정화금,0.78125,94.85007089099572,배당금
699,699,가비아,0.3041825095057034,42.558355441318035,배당금
700,700,보락,0.2012072434607646,63.214165172488215,배당금
701,701,알에프세미,0.23214285714285715,97.16122800257962,배당금
702,702,케이엘넷,2.0618556701030926,63.82230419419973,배당금
703,703,에스에너지,0.5841121495327103,74.03166981243622,배당금
704,704,경남스틸,4.864864864864865,32.35791909929189,배당금
705,705,엠아이텍,1.079913606911447,49.639948202872084,배당금
706,706,TPC,0.3708281829419036,46.30528398221218,배당금
707,707,성문전자,0.25252525252525254,35.649805576712154,배당금
708,708,씨젠,0.04332755632582322,64.78587863149133,배당금
709,709,경인전자,1.050420168067227,91.63843936365551,배당금
710,710,톱텍,0.6872852233676976,57.708328050713845,배당금
711,711,휴메딕스,2.05761316872428,37.57901910976905,배당금
712,712,파인디지털,0.819672131147541,58.965643149464746,배당금
713,713,현대약품,0.6998444790046656,67.78384288724031,배당금
714,714,일성신약,0.949367088607595,13.328460540812374,배당금
715,715,JW생명과학,2.6455026455026456,21.07851233996726,배당금
716,716,KC그린홀딩스,1.0968921389396709,67.45260050908803,배당금
717,717,메타바이오메드,0.35335689045936397,33.40699973175917,배당금
718,718,한창산업,1.2835472578763127,99.38944113487922,배당금
719,719,서원인텍,4.573170731707317,20.386849363146307,배당금
720,720,코리안리,6.41025641025641,19.780033270099,배당금
721,721,제룡전기,0.9578544061302682,28.17305000110294,배당금
722,722,우리산업홀딩스,0.48638132295719844,38.5599370596414,배당금
723,723,대유에이피,2.8901734104046244,45.587445788909804,배당금
724,724,녹십자웰빙,0.5818181818181818,49.081495218480406,배당금
725,725,넥센타이어,1.832460732984293,24.011194140043795,배당금
726,726,보광산업,0.7727975270479135,35.633152123641594,배당금
727,727,에이티넘인베스트,1.9083969465648856,101.22432669879495,배당금
728,728,파워로직스,0.5747126436781609,86.93738006318947,배당금
729,729,한국화장품제조,0.25,32.091498254519664,배당금
730,730,상상인,3.0864197530864197,29.848620431995972,배당금
731,731,효성 ITX,2.3474178403755865,45.47746509238472,배당금
732,732,삼화페인트공업,2.4366471734892787,11.237410056255515,배당금
733,733,TJ미디어,1.6,33.60259571037431,배당금
734,734,풍국주정,0.7476635514018692,33.684784982208974,배당금
735,735,한농화성,1.8844221105527637,112.15588823709459,배당금
736,736,한국정보인증,1.3333333333333335,47.99068758757378,배당금
737,737,노루홀딩스,4.214963119072708,9.996098383679646,배당금
738,738,경방,1.1111111111111112,30.937656418367332,배당금
739,739,한솔로지스틱스,1.839080459770115,37.076013617312356,배당금
740,740,시스웍,1.1730205278592376,266.5602073048122,배당금
741,741,디지털대성,4.021447721179625,29.821363837181725,배당금
742,742,테스나,0.5128205128205128,57.426410804083666,배당금
743,743,엠에스씨,1.2345679012345678,87.53110969803862,배당금
744,744,고려신용정보,4.528985507246377,13.990020122315137,배당금
745,745,파트론,3.535353535353535,25.229850552557508,배당금
746,746,문배철강,1.858736059479554,30.44425116371984,배당금
747,747,네오티스,6.587615283267458,12.74619455446076,배당금
748,748,송원산업,1.0309278350515463,44.737721986423985,배당금
749,749,진양폴리우레탄,2.9282576866764276,64.53149903808071,배당금
750,750,유나이티드,0.744920993227991,105.48244988956581,배당금
751,751,제주은행,2.894356005788712,21.808319348634242,배당금
752,752,현대코퍼레이션홀딩스,4.444444444444445,19.662897889770495,배당금
753,753,엘앤씨바이오,0.24154589371980675,312.06277216755217,배당금
754,754,서연,0.3597122302158274,122.79889092549607,배당금
755,755,한국철강,4.040404040404041,23.105649548614775,배당금
756,756,이노메트리,2.0151133501259446,37.18021225105513,배당금
757,757,대한과학,0.30226700251889166,144.45900288092514,배당금
758,758,파인디앤씨,1.3020833333333335,29.79191541777522,배당금
759,759,KISCO홀딩스,2.204724409448819,14.892946048616993,배당금
760,760,클리오,1.25,32.867250675854166,배당금
761,761,보라티알,1.2448132780082988,74.38765013272895,배당금
762,762,녹십자셀,0.24154589371980675,30.691885596550843,배당금
763,763,펌텍코리아,2.1926910299003324,23.508874139342872,배당금
764,764,진양홀딩스,6.137184115523466,12.137340697310528,배당금
765,765,바다로19호,13.861386138613863,2.878316708294174,배당금
766,766,모두투어리츠,5.445705024311183,52.07134138518428,배당금
767,767,에스제이그룹,2.5889967637540456,38.56607311700229,배당금
768,768,엔에스,0.7339449541284404,63.851215546778,배당금
769,769,미래에셋벤처투자,5.0271739130434785,34.316257566261484,배당금
770,770,넥스턴,1.0460251046025104,47.595636087503244,배당금
771,771,제이스텍,0.6640106241699867,21.68946489663949,배당금
772,772,서전기전,0.9389671361502347,32.519768888329565,배당금
773,773,티플랙스,0.6259780907668232,76.43944533608527,배당금
774,774,아시아나IDT,2.4271844660194173,45.3753306087276,배당금
775,775,오로라,2.1834061135371177,19.948031271735587,배당금
776,776,성도이엔지,1.183431952662722,28.41738689455761,배당금
777,777,라온피플,0.7334963325183375,38.01770336502184,배당금
778,778,에이치엘사이언스,0.903954802259887,28.877664020529142,배당금
779,779,대동스틸,0.6355932203389831,29.8743301589546,배당금
780,780,인바디,0.8641975308641975,19.91129190088654,배당금
781,781,흥구석유,2.380952380952381,38.36583406799958,배당금
782,782,휴비츠,2.0689655172413794,29.27002626082334,배당금
783,783,케이씨에스,3.559870550161812,98.46445361207,배당금
784,784,서진시스템,0.6637168141592921,65.59106678984507,배당금
785,785,삼영전자공업,3.067484662576687,13.243785197996253,배당금
786,786,비엠티,1.6611295681063125,38.73822689769035,배당금
787,787,한네트,1.3531799729364005,106.54052332629537,배당금
788,788,에스피지,1.3192612137203166,58.56008642780331,배당금
789,789,제이브이엠,1.2213740458015268,39.02199133686882,배당금
790,790,창해에탄올,4.615384615384616,28.17331063336923,배당금
791,791,황금에스티,1.4084507042253522,29.03712819716168,배당금
792,792,KC코트렐,0.27272727272727276,128.78108960898084,배당금
793,793,코오롱인더,2.3778071334214,35.50465851093346,배당금
794,794,한국컴퓨터,4.2622950819672125,121.61597919918982,배당금
795,795,진바이오텍,0.4815409309791332,28.478680285993594,배당금
796,796,WISCOM,2.100840336134454,30.860399195092118,배당금
797,797,경보제약,1.0040160642570282,34.56761366405257,배당금
798,798,에스퓨얼셀,0.13568521031207598,58.752285587088615,배당금
799,799,선도전기,0.9398496240601504,27.168219641747648,배당금
800,800,한스바이오메드,0.6857142857142857,87.49016505363473,배당금
801,801,한독크린텍,0.8583690987124464,26.884879728627194,배당금
802,802,아나패스,0.42283298097251587,43.007176489816025,배당금
803,803,이글루시큐리티,3.08030803080308,23.823709897001766,배당금
804,804,바이오스마트,0.6268656716417911,101.49750059015406,배당금
805,805,동국알앤에스,2.2222222222222223,71.84315748582343,배당금
806,806,삼성출판사,0.4273504273504274,56.27132906023617,배당금
807,807,휴온스,1.1475409836065573,34.16098984676981,배당금
808,808,나이스디앤비,1.6990291262135921,13.118336049283334,배당금
809,809,피제이메탈,4.7281323877068555,21.654642990134466,배당금
810,810,엘엠에스,2.4154589371980677,47.79597803238512,배당금
811,811,케이씨텍,0.8385744234800839,48.51424029649839,배당금
812,812,핸즈코퍼레이션,1.911764705882353,22.155427389902044,배당금
813,813,삼목에스폼,1.2953367875647668,13.780330783700316,배당금
814,814,동일제강,0.4123711340206186,33.99352059916175,배당금
815,815,KTis,3.4682080924855487,22.90408062503915,배당금
816,816,동양이엔피,1.7699115044247788,30.244535480636134,배당금
817,817,LG상사,1.6348773841961852,26.019319864892427,배당금
818,818,성신양회,2.1216407355021216,21.853204618278646,배당금
819,819,JW신약,1.094890510948905,34.21219018427937,배당금
820,820,한국수출포장공업,2.955665024630542,16.590043447914134,배당금
821,821,엔피씨,3.2,17.382350335266814,배당금
822,822,NH투자증권,4.694835680751173,34.699082763212836,배당금
823,823,삼진제약,2.9684601113172544,24.50516895123508,배당금
824,824,다우데이타,1.5,45.09936848701914,배당금
825,825,삼지전자,1.1965811965811968,35.108192244851026,배당금
826,826,동서,2.364864864864865,30.091444422836236,배당금
827,827,원일특강,1.7281105990783412,9.755741174943738,배당금
828,828,에스에이엠티,5.894736842105263,37.40252403843667,배당금
829,829,태림포장,5.942622950819672,74.58761399804295,배당금
830,830,삼영무역,2.491103202846975,12.193243331144716,배당금
831,831,주성엔지니어링,0.9668508287292817,37.68467817161122,배당금
832,832,아이앤씨,2.4968789013732833,39.33319469687811,배당금
833,833,선광,1.3972055888223553,28.32307247009267,배당금
834,834,풍산,1.4953271028037385,40.97513137227468,배당금
835,835,제너셈,1.4144271570014144,34.57094319860479,배당금
836,836,현대비앤지스틸,1.2315270935960592,31.801484826939735,배당금
837,837,KTcs,3.5398230088495577,20.226991526340164,배당금
838,838,신라교역,5.347593582887701,8.676340358263289,배당금
839,839,신세계푸드,1.3392857142857142,16.545043524364644,배당금
840,840,방림,2.0779220779220777,32.52416490955375,배당금
841,841,현대제철,2.3006134969325154,48.881914941695136,배당금
842,842,티엘아이,1.3071895424836601,30.834649717076488,배당금
843,843,하이록코리아,4.329004329004329,32.491325909889866,배당금
844,844,풍강,1.7316017316017316,56.756383900254306,배당금
845,845,에코플라스틱,1.6853932584269662,49.87993010889909,배당금
846,846,선진,0.4629629629629629,22.353413962177726,배당금
847,847,경동제약,3.9603960396039604,44.509517379544924,배당금
848,848,대한제당,3.5340314136125657,16.41007955985296,배당금
849,849,신화인터텍,1.8115942028985508,35.76250977754784,배당금
850,850,스타플렉스,1.532567049808429,62.411254259156586,배당금
851,851,코웰패션,1.7006802721088436,23.869828126596907,배당금
852,852,이연제약,1.7948717948717947,77.5940202448639,배당금
853,853,넥센,1.8957345971563981,17.85117024692088,배당금
854,854,엘비세미콘,0.5376344086021506,53.81478486994802,배당금
855,855,YTN,0.33277870216306155,75.40760565720157,배당금
856,856,한국가스공사,1.2438625204582652,61.09668734202268,배당금
857,857,메리츠금융지주,5.445544554455446,22.943307289501586,배당금
858,858,한국단자공업,1.450777202072539,25.106918423793488,배당금
859,859,세아베스틸,2.912621359223301,29.01803660761044,배당금
860,860,현대종합상사,3.934426229508197,21.258474538967672,배당금
861,861,세보엠이씨,2.6881720430107525,20.44220024371626,배당금
862,862,금강공업,1.8202502844141069,23.783844429960087,배당금
863,863,한국항공우주,1.6194331983805668,23.47667831838294,배당금
864,864,삼보판지,1.4124293785310735,29.2102825682324,배당금
865,865,유성티엔에스,0.5703422053231939,31.510129353241684,배당금
866,866,네패스,0.9121621621621622,35.48762693263546,배당금
867,867,에코프로,0.6928406466512702,49.30204477563881,배당금
868,868,엠케이전자,0.4171011470281543,31.1312178680886,배당금
869,869,MH에탄올,4.599211563731932,73.85387685203649,배당금
870,870,엔브이에이치코리아,1.256281407035176,55.35131463957775,배당금
871,871,리드코프,2.170767004341534,32.76492604304246,배당금
872,872,메리츠화재,5.629139072847682,37.972751510123516,배당금
873,873,예스24,1.3289036544850499,54.90351882439548,배당금
874,874,유화증권,25.052192066805844,20.48938982784898,배당금
875,875,LIG넥스원,1.9867549668874174,23.56338274221618,배당금
876,876,모토닉,2.4691358024691357,48.51444489262206,배당금
877,877,JW중외제약,1.015625,28.879154119279345,배당금
878,878,삼익THK,1.3824884792626728,32.470076725078876,배당금
879,879,동화약품,0.6779661016949152,72.03889020636738,배당금
880,880,화승인더스트리,0.5821474773609314,34.3639085766229,배당금
881,881,이수페타시스,1.4814814814814816,41.99145118949433,배당금
882,882,인산가,1.5113350125944585,35.624891366413834,배당금
883,883,태양금속공업,0.4716981132075472,22.315276661134508,배당금
884,884,베뉴지,1.929260450160772,22.172178307752816,배당금
885,885,SBS,0.9090909090909091,27.842444270631024,배당금
886,886,아이에스동서,1.66270783847981,34.799771191184874,배당금
887,887,하이트진로,2.0202020202020203,37.84870680548031,배당금
888,888,기업은행,7.243243243243243,23.958834719504583,배당금
889,889,실리콘웍스,1.7436974789915967,30.680906401455598,배당금
890,890,한국내화,1.059001512859304,26.06841286496583,배당금
891,891,세방,1.8022657054582905,20.75348957595186,배당금
892,892,한익스프레스,1.2216404886561953,47.629072945877176,배당금
893,893,평화홀딩스,4.580152671755725,31.63861917462277,배당금
894,894,BNK금융지주,5.825242718446602,27.302951367598013,배당금
895,895,동화기업,0.4016064257028112,54.41258720623574,배당금
896,896,아이디스홀딩스,1.5873015873015872,19.003153324357243,배당금
897,897,대원산업,2.1043771043771047,27.808162165834748,배당금
898,898,상신브레이크,3.6968576709796674,27.102742497839344,배당금
899,899,에스제이엠홀딩스,6.216696269982238,18.71220724952402,배당금
900,900,제일파마홀딩스,0.25925925925925924,107.16727229499602,배당금
901,901,이건산업,2.185792349726776,74.54850653474112,배당금
902,902,CJ프레시웨이,1.3812154696132597,33.6433614805133,배당금
903,903,한진칼,0.2891156462585034,36.20088689375762,배당금
904,904,호텔신라,0.4331683168316832,26.644586764632198,배당금
905,905,동진쎄미켐,0.3015075376884422,47.202354082880944,배당금
906,906,태영건설,1.5,41.08118452203334,배당금
907,907,동양생명,6.571428571428571,34.12891429578285,배당금
908,908,이베스트투자증권,5.416012558869702,27.178459085451728,배당금
909,909,평화정공,2.1176470588235294,60.8155668403533,배당금
910,910,케이피에프,3.0947775628626695,82.49532155813216,배당금
911,911,파이오링크,0.6779661016949152,48.81930747387091,배당금
912,912,성우하이텍,2.053915275994865,48.541595288831566,배당금
913,913,오스템,0.60790273556231,50.63400270303269,배당금
914,914,웅진씽크빅,11.787072243346007,17.619390914274355,배당금
915,915,TCC스틸,0.7936507936507936,81.25806930517189,배당금
916,916,세코닉스,0.8305647840531563,62.93623370273784,배당금
917,917,DSR,0.8116883116883116,72.20216613184799,배당금
918,918,대구백화점,1.044932079414838,41.01811262409134,배당금
919,919,아이마켓코리아,6.8181818181818175,26.470987184723615,배당금
920,920,성광벤드,1.5267175572519083,27.214350899267483,배당금
921,921,신송홀딩스,2.1476510067114094,20.58084417483347,배당금
922,922,코텍,4.499437570303712,27.369164352458455,배당금
923,923,골프존뉴딘홀딩스,1.8483412322274881,40.95329226597787,배당금
924,924,태광,1.550387596899225,24.518886177429675,배당금
925,925,팜스토리,2.127659574468085,23.545119295981397,배당금
926,926,경인양행,0.7309941520467835,28.80305363212948,배당금
927,927,에스제이엠,4.019292604501608,44.077338909897676,배당금
928,928,골든센츄리,1.0526315789473684,57.76288161009818,배당금
929,929,피에스케이홀딩스,2.1398002853067046,25.32461880440646,배당금
930,930,위닉스,2.2988505747126435,32.12893463582461,배당금
931,931,토비스,3.571428571428571,23.063410947396143,배당금
932,932,인지컨트롤스,0.8968609865470852,102.99533035471794,배당금
933,933,KCC건설,2.027027027027027,15.672880050052365,배당금
934,934,한국종합기술,2.4600246002460024,20.59357040770034,배당금
